season,round,race_name,date,driver_id,driver_name,constructor_id,constructor_name
2018,1,Australian Grand Prix,2018-03-25,vettel,Sebastian Vettel,ferrari,Ferrari
2018,1,Australian Grand Prix,2018-03-25,hamilton,Lewis Hamilton,mercedes,Mercedes
2018,1,Australian Grand Prix,2018-03-25,raikkonen,Kimi Räikkönen,ferrari,Ferrari
2018,1,Australian Grand Prix,2018-03-25,ricciardo,Daniel Ricciardo,red_bull,Red Bull
2018,1,Australian Grand Prix,2018-03-25,alonso,Fernando Alonso,mclaren,McLaren
2018,1,Australian Grand Prix,2018-03-25,max_verstappen,Max Verstappen,red_bull,Red Bull
2018,1,Australian Grand Prix,2018-03-25,hulkenberg,Nico Hülkenberg,renault,Renault
2018,1,Australian Grand Prix,2018-03-25,bottas,Valtteri Bottas,mercedes,Mercedes
2018,1,Australian Grand Prix,2018-03-25,vandoorne,Stoffel Vandoorne,mclaren,McLaren
2018,1,Australian Grand Prix,2018-03-25,sainz,Carlos Sainz,renault,Renault
2018,1,Australian Grand Prix,2018-03-25,perez,Sergio Pérez,force_india,Force India
2018,1,Australian Grand Prix,2018-03-25,ocon,Esteban Ocon,force_india,Force India
2018,1,Australian Grand Prix,2018-03-25,leclerc,Charles Leclerc,sauber,Sauber
2018,1,Australian Grand Prix,2018-03-25,stroll,Lance Stroll,williams,Williams
2018,1,Australian Grand Prix,2018-03-25,brendon_hartley,Brendon Hartley,toro_rosso,Toro Rosso
2018,1,Australian Grand Prix,2018-03-25,grosjean,Romain Grosjean,haas,Haas F1 Team
2018,1,Australian Grand Prix,2018-03-25,kevin_magnussen,Kevin Magnussen,haas,Haas F1 Team
2018,1,Australian Grand Prix,2018-03-25,gasly,Pierre Gasly,toro_rosso,Toro Rosso
2018,1,Australian Grand Prix,2018-03-25,ericsson,Marcus Ericsson,sauber,Sauber
2018,1,Australian Grand Prix,2018-03-25,sirotkin,Sergey Sirotkin,williams,Williams
2018,2,Bahrain Grand Prix,2018-04-08,vettel,Sebastian Vettel,ferrari,Ferrari
2018,2,Bahrain Grand Prix,2018-04-08,bottas,Valtteri Bottas,mercedes,Mercedes
2018,2,Bahrain Grand Prix,2018-04-08,hamilton,Lewis Hamilton,mercedes,Mercedes
2018,2,Bahrain Grand Prix,2018-04-08,gasly,Pierre Gasly,toro_rosso,Toro Rosso
2018,2,Bahrain Grand Prix,2018-04-08,kevin_magnussen,Kevin Magnussen,haas,Haas F1 Team
2018,2,Bahrain Grand Prix,2018-04-08,hulkenberg,Nico Hülkenberg,renault,Renault
2018,2,Bahrain Grand Prix,2018-04-08,alonso,Fernando Alonso,mclaren,McLaren
2018,2,Bahrain Grand Prix,2018-04-08,vandoorne,Stoffel Vandoorne,mclaren,McLaren
2018,2,Bahrain Grand Prix,2018-04-08,ericsson,Marcus Ericsson,sauber,Sauber
2018,2,Bahrain Grand Prix,2018-04-08,ocon,Esteban Ocon,force_india,Force India
2018,2,Bahrain Grand Prix,2018-04-08,sainz,Carlos Sainz,renault,Renault
2018,2,Bahrain Grand Prix,2018-04-08,leclerc,Charles Leclerc,sauber,Sauber
2018,2,Bahrain Grand Prix,2018-04-08,grosjean,Romain Grosjean,haas,Haas F1 Team
2018,2,Bahrain Grand Prix,2018-04-08,stroll,Lance Stroll,williams,Williams
2018,2,Bahrain Grand Prix,2018-04-08,sirotkin,Sergey Sirotkin,williams,Williams
2018,2,Bahrain Grand Prix,2018-04-08,perez,Sergio Pérez,force_india,Force India
2018,2,Bahrain Grand Prix,2018-04-08,brendon_hartley,Brendon Hartley,toro_rosso,Toro Rosso
2018,2,Bahrain Grand Prix,2018-04-08,raikkonen,Kimi Räikkönen,ferrari,Ferrari
2018,2,Bahrain Grand Prix,2018-04-08,max_verstappen,Max Verstappen,red_bull,Red Bull
2018,2,Bahrain Grand Prix,2018-04-08,ricciardo,Daniel Ricciardo,red_bull,Red Bull
2018,3,Chinese Grand Prix,2018-04-15,ricciardo,Daniel Ricciardo,red_bull,Red Bull
2018,3,Chinese Grand Prix,2018-04-15,bottas,Valtteri Bottas,mercedes,Mercedes
2018,3,Chinese Grand Prix,2018-04-15,raikkonen,Kimi Räikkönen,ferrari,Ferrari
2018,3,Chinese Grand Prix,2018-04-15,hamilton,Lewis Hamilton,mercedes,Mercedes
2018,3,Chinese Grand Prix,2018-04-15,max_verstappen,Max Verstappen,red_bull,Red Bull
2018,3,Chinese Grand Prix,2018-04-15,hulkenberg,Nico Hülkenberg,renault,Renault
2018,3,Chinese Grand Prix,2018-04-15,alonso,Fernando Alonso,mclaren,McLaren
2018,3,Chinese Grand Prix,2018-04-15,vettel,Sebastian Vettel,ferrari,Ferrari
2018,3,Chinese Grand Prix,2018-04-15,sainz,Carlos Sainz,renault,Renault
2018,3,Chinese Grand Prix,2018-04-15,kevin_magnussen,Kevin Magnussen,haas,Haas F1 Team
2018,3,Chinese Grand Prix,2018-04-15,ocon,Esteban Ocon,force_india,Force India
2018,3,Chinese Grand Prix,2018-04-15,perez,Sergio Pérez,force_india,Force India
2018,3,Chinese Grand Prix,2018-04-15,vandoorne,Stoffel Vandoorne,mclaren,McLaren
2018,3,Chinese Grand Prix,2018-04-15,stroll,Lance Stroll,williams,Williams
2018,3,Chinese Grand Prix,2018-04-15,sirotkin,Sergey Sirotkin,williams,Williams
2018,3,Chinese Grand Prix,2018-04-15,ericsson,Marcus Ericsson,sauber,Sauber
2018,3,Chinese Grand Prix,2018-04-15,grosjean,Romain Grosjean,haas,Haas F1 Team
2018,3,Chinese Grand Prix,2018-04-15,gasly,Pierre Gasly,toro_rosso,Toro Rosso
2018,3,Chinese Grand Prix,2018-04-15,leclerc,Charles Leclerc,sauber,Sauber
2018,3,Chinese Grand Prix,2018-04-15,brendon_hartley,Brendon Hartley,toro_rosso,Toro Rosso
2018,4,Azerbaijan Grand Prix,2018-04-29,hamilton,Lewis Hamilton,mercedes,Mercedes
2018,4,Azerbaijan Grand Prix,2018-04-29,raikkonen,Kimi Räikkönen,ferrari,Ferrari
2018,4,Azerbaijan Grand Prix,2018-04-29,perez,Sergio Pérez,force_india,Force India
2018,4,Azerbaijan Grand Prix,2018-04-29,vettel,Sebastian Vettel,ferrari,Ferrari
2018,4,Azerbaijan Grand Prix,2018-04-29,sainz,Carlos Sainz,renault,Renault
2018,4,Azerbaijan Grand Prix,2018-04-29,leclerc,Charles Leclerc,sauber,Sauber
2018,4,Azerbaijan Grand Prix,2018-04-29,alonso,Fernando Alonso,mclaren,McLaren
2018,4,Azerbaijan Grand Prix,2018-04-29,stroll,Lance Stroll,williams,Williams
2018,4,Azerbaijan Grand Prix,2018-04-29,vandoorne,Stoffel Vandoorne,mclaren,McLaren
2018,4,Azerbaijan Grand Prix,2018-04-29,brendon_hartley,Brendon Hartley,toro_rosso,Toro Rosso
2018,4,Azerbaijan Grand Prix,2018-04-29,ericsson,Marcus Ericsson,sauber,Sauber
2018,4,Azerbaijan Grand Prix,2018-04-29,gasly,Pierre Gasly,toro_rosso,Toro Rosso
2018,4,Azerbaijan Grand Prix,2018-04-29,kevin_magnussen,Kevin Magnussen,haas,Haas F1 Team
2018,4,Azerbaijan Grand Prix,2018-04-29,bottas,Valtteri Bottas,mercedes,Mercedes
2018,4,Azerbaijan Grand Prix,2018-04-29,grosjean,Romain Grosjean,haas,Haas F1 Team
2018,4,Azerbaijan Grand Prix,2018-04-29,max_verstappen,Max Verstappen,red_bull,Red Bull
2018,4,Azerbaijan Grand Prix,2018-04-29,ricciardo,Daniel Ricciardo,red_bull,Red Bull
2018,4,Azerbaijan Grand Prix,2018-04-29,hulkenberg,Nico Hülkenberg,renault,Renault
2018,4,Azerbaijan Grand Prix,2018-04-29,ocon,Esteban Ocon,force_india,Force India
2018,4,Azerbaijan Grand Prix,2018-04-29,sirotkin,Sergey Sirotkin,williams,Williams
2018,5,Spanish Grand Prix,2018-05-13,hamilton,Lewis Hamilton,mercedes,Mercedes
2018,5,Spanish Grand Prix,2018-05-13,bottas,Valtteri Bottas,mercedes,Mercedes
2018,5,Spanish Grand Prix,2018-05-13,max_verstappen,Max Verstappen,red_bull,Red Bull
2018,5,Spanish Grand Prix,2018-05-13,vettel,Sebastian Vettel,ferrari,Ferrari
2018,5,Spanish Grand Prix,2018-05-13,ricciardo,Daniel Ricciardo,red_bull,Red Bull
2018,5,Spanish Grand Prix,2018-05-13,kevin_magnussen,Kevin Magnussen,haas,Haas F1 Team
2018,5,Spanish Grand Prix,2018-05-13,sainz,Carlos Sainz,renault,Renault
2018,5,Spanish Grand Prix,2018-05-13,alonso,Fernando Alonso,mclaren,McLaren
2018,5,Spanish Grand Prix,2018-05-13,perez,Sergio Pérez,force_india,Force India
2018,5,Spanish Grand Prix,2018-05-13,leclerc,Charles Leclerc,sauber,Sauber
2018,5,Spanish Grand Prix,2018-05-13,stroll,Lance Stroll,williams,Williams
2018,5,Spanish Grand Prix,2018-05-13,brendon_hartley,Brendon Hartley,toro_rosso,Toro Rosso
2018,5,Spanish Grand Prix,2018-05-13,ericsson,Marcus Ericsson,sauber,Sauber
2018,5,Spanish Grand Prix,2018-05-13,sirotkin,Sergey Sirotkin,williams,Williams
2018,5,Spanish Grand Prix,2018-05-13,vandoorne,Stoffel Vandoorne,mclaren,McLaren
2018,5,Spanish Grand Prix,2018-05-13,ocon,Esteban Ocon,force_india,Force India
2018,5,Spanish Grand Prix,2018-05-13,raikkonen,Kimi Räikkönen,ferrari,Ferrari
2018,5,Spanish Grand Prix,2018-05-13,grosjean,Romain Grosjean,haas,Haas F1 Team
2018,5,Spanish Grand Prix,2018-05-13,gasly,Pierre Gasly,toro_rosso,Toro Rosso
2018,5,Spanish Grand Prix,2018-05-13,hulkenberg,Nico Hülkenberg,renault,Renault
2018,6,Monaco Grand Prix,2018-05-27,ricciardo,Daniel Ricciardo,red_bull,Red Bull
2018,6,Monaco Grand Prix,2018-05-27,vettel,Sebastian Vettel,ferrari,Ferrari
2018,6,Monaco Grand Prix,2018-05-27,hamilton,Lewis Hamilton,mercedes,Mercedes
2018,6,Monaco Grand Prix,2018-05-27,raikkonen,Kimi Räikkönen,ferrari,Ferrari
2018,6,Monaco Grand Prix,2018-05-27,bottas,Valtteri Bottas,mercedes,Mercedes
2018,6,Monaco Grand Prix,2018-05-27,ocon,Esteban Ocon,force_india,Force India
2018,6,Monaco Grand Prix,2018-05-27,gasly,Pierre Gasly,toro_rosso,Toro Rosso
2018,6,Monaco Grand Prix,2018-05-27,hulkenberg,Nico Hülkenberg,renault,Renault
2018,6,Monaco Grand Prix,2018-05-27,max_verstappen,Max Verstappen,red_bull,Red Bull
2018,6,Monaco Grand Prix,2018-05-27,sainz,Carlos Sainz,renault,Renault
2018,6,Monaco Grand Prix,2018-05-27,ericsson,Marcus Ericsson,sauber,Sauber
2018,6,Monaco Grand Prix,2018-05-27,perez,Sergio Pérez,force_india,Force India
2018,6,Monaco Grand Prix,2018-05-27,kevin_magnussen,Kevin Magnussen,haas,Haas F1 Team
2018,6,Monaco Grand Prix,2018-05-27,vandoorne,Stoffel Vandoorne,mclaren,McLaren
2018,6,Monaco Grand Prix,2018-05-27,grosjean,Romain Grosjean,haas,Haas F1 Team
2018,6,Monaco Grand Prix,2018-05-27,sirotkin,Sergey Sirotkin,williams,Williams
2018,6,Monaco Grand Prix,2018-05-27,stroll,Lance Stroll,williams,Williams
2018,6,Monaco Grand Prix,2018-05-27,leclerc,Charles Leclerc,sauber,Sauber
2018,6,Monaco Grand Prix,2018-05-27,brendon_hartley,Brendon Hartley,toro_rosso,Toro Rosso
2018,6,Monaco Grand Prix,2018-05-27,alonso,Fernando Alonso,mclaren,McLaren
2018,7,Canadian Grand Prix,2018-06-10,vettel,Sebastian Vettel,ferrari,Ferrari
2018,7,Canadian Grand Prix,2018-06-10,bottas,Valtteri Bottas,mercedes,Mercedes
2018,7,Canadian Grand Prix,2018-06-10,max_verstappen,Max Verstappen,red_bull,Red Bull
2018,7,Canadian Grand Prix,2018-06-10,ricciardo,Daniel Ricciardo,red_bull,Red Bull
2018,7,Canadian Grand Prix,2018-06-10,hamilton,Lewis Hamilton,mercedes,Mercedes
2018,7,Canadian Grand Prix,2018-06-10,raikkonen,Kimi Räikkönen,ferrari,Ferrari
2018,7,Canadian Grand Prix,2018-06-10,hulkenberg,Nico Hülkenberg,renault,Renault
2018,7,Canadian Grand Prix,2018-06-10,sainz,Carlos Sainz,renault,Renault
2018,7,Canadian Grand Prix,2018-06-10,ocon,Esteban Ocon,force_india,Force India
2018,7,Canadian Grand Prix,2018-06-10,leclerc,Charles Leclerc,sauber,Sauber
2018,7,Canadian Grand Prix,2018-06-10,gasly,Pierre Gasly,toro_rosso,Toro Rosso
2018,7,Canadian Grand Prix,2018-06-10,grosjean,Romain Grosjean,haas,Haas F1 Team
2018,7,Canadian Grand Prix,2018-06-10,kevin_magnussen,Kevin Magnussen,haas,Haas F1 Team
2018,7,Canadian Grand Prix,2018-06-10,perez,Sergio Pérez,force_india,Force India
2018,7,Canadian Grand Prix,2018-06-10,ericsson,Marcus Ericsson,sauber,Sauber
2018,7,Canadian Grand Prix,2018-06-10,vandoorne,Stoffel Vandoorne,mclaren,McLaren
2018,7,Canadian Grand Prix,2018-06-10,sirotkin,Sergey Sirotkin,williams,Williams
2018,7,Canadian Grand Prix,2018-06-10,alonso,Fernando Alonso,mclaren,McLaren
2018,7,Canadian Grand Prix,2018-06-10,brendon_hartley,Brendon Hartley,toro_rosso,Toro Rosso
2018,7,Canadian Grand Prix,2018-06-10,stroll,Lance Stroll,williams,Williams
2018,8,French Grand Prix,2018-06-24,hamilton,Lewis Hamilton,mercedes,Mercedes
2018,8,French Grand Prix,2018-06-24,max_verstappen,Max Verstappen,red_bull,Red Bull
2018,8,French Grand Prix,2018-06-24,raikkonen,Kimi Räikkönen,ferrari,Ferrari
2018,8,French Grand Prix,2018-06-24,ricciardo,Daniel Ricciardo,red_bull,Red Bull
2018,8,French Grand Prix,2018-06-24,vettel,Sebastian Vettel,ferrari,Ferrari
2018,8,French Grand Prix,2018-06-24,kevin_magnussen,Kevin Magnussen,haas,Haas F1 Team
2018,8,French Grand Prix,2018-06-24,bottas,Valtteri Bottas,mercedes,Mercedes
2018,8,French Grand Prix,2018-06-24,sainz,Carlos Sainz,renault,Renault
2018,8,French Grand Prix,2018-06-24,hulkenberg,Nico Hülkenberg,renault,Renault
2018,8,French Grand Prix,2018-06-24,leclerc,Charles Leclerc,sauber,Sauber
2018,8,French Grand Prix,2018-06-24,grosjean,Romain Grosjean,haas,Haas F1 Team
2018,8,French Grand Prix,2018-06-24,vandoorne,Stoffel Vandoorne,mclaren,McLaren
2018,8,French Grand Prix,2018-06-24,ericsson,Marcus Ericsson,sauber,Sauber
2018,8,French Grand Prix,2018-06-24,brendon_hartley,Brendon Hartley,toro_rosso,Toro Rosso
2018,8,French Grand Prix,2018-06-24,sirotkin,Sergey Sirotkin,williams,Williams
2018,8,French Grand Prix,2018-06-24,alonso,Fernando Alonso,mclaren,McLaren
2018,8,French Grand Prix,2018-06-24,stroll,Lance Stroll,williams,Williams
2018,8,French Grand Prix,2018-06-24,perez,Sergio Pérez,force_india,Force India
2018,8,French Grand Prix,2018-06-24,ocon,Esteban Ocon,force_india,Force India
2018,8,French Grand Prix,2018-06-24,gasly,Pierre Gasly,toro_rosso,Toro Rosso
2018,9,Austrian Grand Prix,2018-07-01,max_verstappen,Max Verstappen,red_bull,Red Bull
2018,9,Austrian Grand Prix,2018-07-01,raikkonen,Kimi Räikkönen,ferrari,Ferrari
2018,9,Austrian Grand Prix,2018-07-01,vettel,Sebastian Vettel,ferrari,Ferrari
2018,9,Austrian Grand Prix,2018-07-01,grosjean,Romain Grosjean,haas,Haas F1 Team
2018,9,Austrian Grand Prix,2018-07-01,kevin_magnussen,Kevin Magnussen,haas,Haas F1 Team
2018,9,Austrian Grand Prix,2018-07-01,ocon,Esteban Ocon,force_india,Force India
2018,9,Austrian Grand Prix,2018-07-01,perez,Sergio Pérez,force_india,Force India
2018,9,Austrian Grand Prix,2018-07-01,alonso,Fernando Alonso,mclaren,McLaren
2018,9,Austrian Grand Prix,2018-07-01,leclerc,Charles Leclerc,sauber,Sauber
2018,9,Austrian Grand Prix,2018-07-01,ericsson,Marcus Ericsson,sauber,Sauber
2018,9,Austrian Grand Prix,2018-07-01,gasly,Pierre Gasly,toro_rosso,Toro Rosso
2018,9,Austrian Grand Prix,2018-07-01,sainz,Carlos Sainz,renault,Renault
2018,9,Austrian Grand Prix,2018-07-01,sirotkin,Sergey Sirotkin,williams,Williams
2018,9,Austrian Grand Prix,2018-07-01,stroll,Lance Stroll,williams,Williams
2018,9,Austrian Grand Prix,2018-07-01,vandoorne,Stoffel Vandoorne,mclaren,McLaren
2018,9,Austrian Grand Prix,2018-07-01,hamilton,Lewis Hamilton,mercedes,Mercedes
2018,9,Austrian Grand Prix,2018-07-01,brendon_hartley,Brendon Hartley,toro_rosso,Toro Rosso
2018,9,Austrian Grand Prix,2018-07-01,ricciardo,Daniel Ricciardo,red_bull,Red Bull
2018,9,Austrian Grand Prix,2018-07-01,bottas,Valtteri Bottas,mercedes,Mercedes
2018,9,Austrian Grand Prix,2018-07-01,hulkenberg,Nico Hülkenberg,renault,Renault
2018,10,British Grand Prix,2018-07-08,vettel,Sebastian Vettel,ferrari,Ferrari
2018,10,British Grand Prix,2018-07-08,hamilton,Lewis Hamilton,mercedes,Mercedes
2018,10,British Grand Prix,2018-07-08,raikkonen,Kimi Räikkönen,ferrari,Ferrari
2018,10,British Grand Prix,2018-07-08,bottas,Valtteri Bottas,mercedes,Mercedes
2018,10,British Grand Prix,2018-07-08,ricciardo,Daniel Ricciardo,red_bull,Red Bull
2018,10,British Grand Prix,2018-07-08,hulkenberg,Nico Hülkenberg,renault,Renault
2018,10,British Grand Prix,2018-07-08,ocon,Esteban Ocon,force_india,Force India
2018,10,British Grand Prix,2018-07-08,alonso,Fernando Alonso,mclaren,McLaren
2018,10,British Grand Prix,2018-07-08,kevin_magnussen,Kevin Magnussen,haas,Haas F1 Team
2018,10,British Grand Prix,2018-07-08,perez,Sergio Pérez,force_india,Force India
2018,10,British Grand Prix,2018-07-08,vandoorne,Stoffel Vandoorne,mclaren,McLaren
2018,10,British Grand Prix,2018-07-08,stroll,Lance Stroll,williams,Williams
2018,10,British Grand Prix,2018-07-08,gasly,Pierre Gasly,toro_rosso,Toro Rosso
2018,10,British Grand Prix,2018-07-08,sirotkin,Sergey Sirotkin,williams,Williams
2018,10,British Grand Prix,2018-07-08,max_verstappen,Max Verstappen,red_bull,Red Bull
2018,10,British Grand Prix,2018-07-08,grosjean,Romain Grosjean,haas,Haas F1 Team
2018,10,British Grand Prix,2018-07-08,sainz,Carlos Sainz,renault,Renault
2018,10,British Grand Prix,2018-07-08,ericsson,Marcus Ericsson,sauber,Sauber
2018,10,British Grand Prix,2018-07-08,leclerc,Charles Leclerc,sauber,Sauber
2018,10,British Grand Prix,2018-07-08,brendon_hartley,Brendon Hartley,toro_rosso,Toro Rosso
2018,11,German Grand Prix,2018-07-22,hamilton,Lewis Hamilton,mercedes,Mercedes
2018,11,German Grand Prix,2018-07-22,bottas,Valtteri Bottas,mercedes,Mercedes
2018,11,German Grand Prix,2018-07-22,raikkonen,Kimi Räikkönen,ferrari,Ferrari
2018,11,German Grand Prix,2018-07-22,max_verstappen,Max Verstappen,red_bull,Red Bull
2018,11,German Grand Prix,2018-07-22,hulkenberg,Nico Hülkenberg,renault,Renault
2018,11,German Grand Prix,2018-07-22,grosjean,Romain Grosjean,haas,Haas F1 Team
2018,11,German Grand Prix,2018-07-22,perez,Sergio Pérez,force_india,Force India
2018,11,German Grand Prix,2018-07-22,ocon,Esteban Ocon,force_india,Force India
2018,11,German Grand Prix,2018-07-22,ericsson,Marcus Ericsson,sauber,Sauber
2018,11,German Grand Prix,2018-07-22,brendon_hartley,Brendon Hartley,toro_rosso,Toro Rosso
2018,11,German Grand Prix,2018-07-22,kevin_magnussen,Kevin Magnussen,haas,Haas F1 Team
2018,11,German Grand Prix,2018-07-22,sainz,Carlos Sainz,renault,Renault
2018,11,German Grand Prix,2018-07-22,vandoorne,Stoffel Vandoorne,mclaren,McLaren
2018,11,German Grand Prix,2018-07-22,gasly,Pierre Gasly,toro_rosso,Toro Rosso
2018,11,German Grand Prix,2018-07-22,leclerc,Charles Leclerc,sauber,Sauber
2018,11,German Grand Prix,2018-07-22,alonso,Fernando Alonso,mclaren,McLaren
2018,11,German Grand Prix,2018-07-22,stroll,Lance Stroll,williams,Williams
2018,11,German Grand Prix,2018-07-22,vettel,Sebastian Vettel,ferrari,Ferrari
2018,11,German Grand Prix,2018-07-22,sirotkin,Sergey Sirotkin,williams,Williams
2018,11,German Grand Prix,2018-07-22,ricciardo,Daniel Ricciardo,red_bull,Red Bull
2018,12,Hungarian Grand Prix,2018-07-29,hamilton,Lewis Hamilton,mercedes,Mercedes
2018,12,Hungarian Grand Prix,2018-07-29,vettel,Sebastian Vettel,ferrari,Ferrari
2018,12,Hungarian Grand Prix,2018-07-29,raikkonen,Kimi Räikkönen,ferrari,Ferrari
2018,12,Hungarian Grand Prix,2018-07-29,ricciardo,Daniel Ricciardo,red_bull,Red Bull
2018,12,Hungarian Grand Prix,2018-07-29,bottas,Valtteri Bottas,mercedes,Mercedes
2018,12,Hungarian Grand Prix,2018-07-29,gasly,Pierre Gasly,toro_rosso,Toro Rosso
2018,12,Hungarian Grand Prix,2018-07-29,kevin_magnussen,Kevin Magnussen,haas,Haas F1 Team
2018,12,Hungarian Grand Prix,2018-07-29,alonso,Fernando Alonso,mclaren,McLaren
2018,12,Hungarian Grand Prix,2018-07-29,sainz,Carlos Sainz,renault,Renault
2018,12,Hungarian Grand Prix,2018-07-29,grosjean,Romain Grosjean,haas,Haas F1 Team
2018,12,Hungarian Grand Prix,2018-07-29,brendon_hartley,Brendon Hartley,toro_rosso,Toro Rosso
2018,12,Hungarian Grand Prix,2018-07-29,hulkenberg,Nico Hülkenberg,renault,Renault
2018,12,Hungarian Grand Prix,2018-07-29,ocon,Esteban Ocon,force_india,Force India
2018,12,Hungarian Grand Prix,2018-07-29,perez,Sergio Pérez,force_india,Force India
2018,12,Hungarian Grand Prix,2018-07-29,ericsson,Marcus Ericsson,sauber,Sauber
2018,12,Hungarian Grand Prix,2018-07-29,sirotkin,Sergey Sirotkin,williams,Williams
2018,12,Hungarian Grand Prix,2018-07-29,stroll,Lance Stroll,williams,Williams
2018,12,Hungarian Grand Prix,2018-07-29,vandoorne,Stoffel Vandoorne,mclaren,McLaren
2018,12,Hungarian Grand Prix,2018-07-29,max_verstappen,Max Verstappen,red_bull,Red Bull
2018,12,Hungarian Grand Prix,2018-07-29,leclerc,Charles Leclerc,sauber,Sauber
2018,13,Belgian Grand Prix,2018-08-26,vettel,Sebastian Vettel,ferrari,Ferrari
2018,13,Belgian Grand Prix,2018-08-26,hamilton,Lewis Hamilton,mercedes,Mercedes
2018,13,Belgian Grand Prix,2018-08-26,max_verstappen,Max Verstappen,red_bull,Red Bull
2018,13,Belgian Grand Prix,2018-08-26,bottas,Valtteri Bottas,mercedes,Mercedes
2018,13,Belgian Grand Prix,2018-08-26,perez,Sergio Pérez,force_india,Force India
2018,13,Belgian Grand Prix,2018-08-26,ocon,Esteban Ocon,force_india,Force India
2018,13,Belgian Grand Prix,2018-08-26,grosjean,Romain Grosjean,haas,Haas F1 Team
2018,13,Belgian Grand Prix,2018-08-26,kevin_magnussen,Kevin Magnussen,haas,Haas F1 Team
2018,13,Belgian Grand Prix,2018-08-26,gasly,Pierre Gasly,toro_rosso,Toro Rosso
2018,13,Belgian Grand Prix,2018-08-26,ericsson,Marcus Ericsson,sauber,Sauber
2018,13,Belgian Grand Prix,2018-08-26,sainz,Carlos Sainz,renault,Renault
2018,13,Belgian Grand Prix,2018-08-26,sirotkin,Sergey Sirotkin,williams,Williams
2018,13,Belgian Grand Prix,2018-08-26,stroll,Lance Stroll,williams,Williams
2018,13,Belgian Grand Prix,2018-08-26,brendon_hartley,Brendon Hartley,toro_rosso,Toro Rosso
2018,13,Belgian Grand Prix,2018-08-26,vandoorne,Stoffel Vandoorne,mclaren,McLaren
2018,13,Belgian Grand Prix,2018-08-26,ricciardo,Daniel Ricciardo,red_bull,Red Bull
2018,13,Belgian Grand Prix,2018-08-26,raikkonen,Kimi Räikkönen,ferrari,Ferrari
2018,13,Belgian Grand Prix,2018-08-26,leclerc,Charles Leclerc,sauber,Sauber
2018,13,Belgian Grand Prix,2018-08-26,alonso,Fernando Alonso,mclaren,McLaren
2018,13,Belgian Grand Prix,2018-08-26,hulkenberg,Nico Hülkenberg,renault,Renault
2018,14,Italian Grand Prix,2018-09-02,hamilton,Lewis Hamilton,mercedes,Mercedes
2018,14,Italian Grand Prix,2018-09-02,raikkonen,Kimi Räikkönen,ferrari,Ferrari
2018,14,Italian Grand Prix,2018-09-02,bottas,Valtteri Bottas,mercedes,Mercedes
2018,14,Italian Grand Prix,2018-09-02,vettel,Sebastian Vettel,ferrari,Ferrari
2018,14,Italian Grand Prix,2018-09-02,max_verstappen,Max Verstappen,red_bull,Red Bull
2018,14,Italian Grand Prix,2018-09-02,ocon,Esteban Ocon,force_india,Force India
2018,14,Italian Grand Prix,2018-09-02,perez,Sergio Pérez,force_india,Force India
2018,14,Italian Grand Prix,2018-09-02,sainz,Carlos Sainz,renault,Renault
2018,14,Italian Grand Prix,2018-09-02,stroll,Lance Stroll,williams,Williams
2018,14,Italian Grand Prix,2018-09-02,sirotkin,Sergey Sirotkin,williams,Williams
2018,14,Italian Grand Prix,2018-09-02,leclerc,Charles Leclerc,sauber,Sauber
2018,14,Italian Grand Prix,2018-09-02,vandoorne,Stoffel Vandoorne,mclaren,McLaren
2018,14,Italian Grand Prix,2018-09-02,hulkenberg,Nico Hülkenberg,renault,Renault
2018,14,Italian Grand Prix,2018-09-02,gasly,Pierre Gasly,toro_rosso,Toro Rosso
2018,14,Italian Grand Prix,2018-09-02,ericsson,Marcus Ericsson,sauber,Sauber
2018,14,Italian Grand Prix,2018-09-02,kevin_magnussen,Kevin Magnussen,haas,Haas F1 Team
2018,14,Italian Grand Prix,2018-09-02,ricciardo,Daniel Ricciardo,red_bull,Red Bull
2018,14,Italian Grand Prix,2018-09-02,alonso,Fernando Alonso,mclaren,McLaren
2018,14,Italian Grand Prix,2018-09-02,brendon_hartley,Brendon Hartley,toro_rosso,Toro Rosso
2018,14,Italian Grand Prix,2018-09-02,grosjean,Romain Grosjean,haas,Haas F1 Team
2018,15,Singapore Grand Prix,2018-09-16,hamilton,Lewis Hamilton,mercedes,Mercedes
2018,15,Singapore Grand Prix,2018-09-16,max_verstappen,Max Verstappen,red_bull,Red Bull
2018,15,Singapore Grand Prix,2018-09-16,vettel,Sebastian Vettel,ferrari,Ferrari
2018,15,Singapore Grand Prix,2018-09-16,bottas,Valtteri Bottas,mercedes,Mercedes
2018,15,Singapore Grand Prix,2018-09-16,raikkonen,Kimi Räikkönen,ferrari,Ferrari
2018,15,Singapore Grand Prix,2018-09-16,ricciardo,Daniel Ricciardo,red_bull,Red Bull
2018,15,Singapore Grand Prix,2018-09-16,alonso,Fernando Alonso,mclaren,McLaren
2018,15,Singapore Grand Prix,2018-09-16,sainz,Carlos Sainz,renault,Renault
2018,15,Singapore Grand Prix,2018-09-16,leclerc,Charles Leclerc,sauber,Sauber
2018,15,Singapore Grand Prix,2018-09-16,hulkenberg,Nico Hülkenberg,renault,Renault
2018,15,Singapore Grand Prix,2018-09-16,ericsson,Marcus Ericsson,sauber,Sauber
2018,15,Singapore Grand Prix,2018-09-16,vandoorne,Stoffel Vandoorne,mclaren,McLaren
2018,15,Singapore Grand Prix,2018-09-16,gasly,Pierre Gasly,toro_rosso,Toro Rosso
2018,15,Singapore Grand Prix,2018-09-16,stroll,Lance Stroll,williams,Williams
2018,15,Singapore Grand Prix,2018-09-16,grosjean,Romain Grosjean,haas,Haas F1 Team
2018,15,Singapore Grand Prix,2018-09-16,perez,Sergio Pérez,force_india,Force India
2018,15,Singapore Grand Prix,2018-09-16,brendon_hartley,Brendon Hartley,toro_rosso,Toro Rosso
2018,15,Singapore Grand Prix,2018-09-16,kevin_magnussen,Kevin Magnussen,haas,Haas F1 Team
2018,15,Singapore Grand Prix,2018-09-16,sirotkin,Sergey Sirotkin,williams,Williams
2018,15,Singapore Grand Prix,2018-09-16,ocon,Esteban Ocon,force_india,Force India
2018,16,Russian Grand Prix,2018-09-30,hamilton,Lewis Hamilton,mercedes,Mercedes
2018,16,Russian Grand Prix,2018-09-30,bottas,Valtteri Bottas,mercedes,Mercedes
2018,16,Russian Grand Prix,2018-09-30,vettel,Sebastian Vettel,ferrari,Ferrari
2018,16,Russian Grand Prix,2018-09-30,raikkonen,Kimi Räikkönen,ferrari,Ferrari
2018,16,Russian Grand Prix,2018-09-30,max_verstappen,Max Verstappen,red_bull,Red Bull
2018,16,Russian Grand Prix,2018-09-30,ricciardo,Daniel Ricciardo,red_bull,Red Bull
2018,16,Russian Grand Prix,2018-09-30,leclerc,Charles Leclerc,sauber,Sauber
2018,16,Russian Grand Prix,2018-09-30,kevin_magnussen,Kevin Magnussen,haas,Haas F1 Team
2018,16,Russian Grand Prix,2018-09-30,ocon,Esteban Ocon,force_india,Force India
2018,16,Russian Grand Prix,2018-09-30,perez,Sergio Pérez,force_india,Force India
2018,16,Russian Grand Prix,2018-09-30,grosjean,Romain Grosjean,haas,Haas F1 Team
2018,16,Russian Grand Prix,2018-09-30,hulkenberg,Nico Hülkenberg,renault,Renault
2018,16,Russian Grand Prix,2018-09-30,ericsson,Marcus Ericsson,sauber,Sauber
2018,16,Russian Grand Prix,2018-09-30,alonso,Fernando Alonso,mclaren,McLaren
2018,16,Russian Grand Prix,2018-09-30,stroll,Lance Stroll,williams,Williams
2018,16,Russian Grand Prix,2018-09-30,vandoorne,Stoffel Vandoorne,mclaren,McLaren
2018,16,Russian Grand Prix,2018-09-30,sainz,Carlos Sainz,renault,Renault
2018,16,Russian Grand Prix,2018-09-30,sirotkin,Sergey Sirotkin,williams,Williams
2018,16,Russian Grand Prix,2018-09-30,gasly,Pierre Gasly,toro_rosso,Toro Rosso
2018,16,Russian Grand Prix,2018-09-30,brendon_hartley,Brendon Hartley,toro_rosso,Toro Rosso
2018,17,Japanese Grand Prix,2018-10-07,hamilton,Lewis Hamilton,mercedes,Mercedes
2018,17,Japanese Grand Prix,2018-10-07,bottas,Valtteri Bottas,mercedes,Mercedes
2018,17,Japanese Grand Prix,2018-10-07,max_verstappen,Max Verstappen,red_bull,Red Bull
2018,17,Japanese Grand Prix,2018-10-07,ricciardo,Daniel Ricciardo,red_bull,Red Bull
2018,17,Japanese Grand Prix,2018-10-07,raikkonen,Kimi Räikkönen,ferrari,Ferrari
2018,17,Japanese Grand Prix,2018-10-07,vettel,Sebastian Vettel,ferrari,Ferrari
2018,17,Japanese Grand Prix,2018-10-07,perez,Sergio Pérez,force_india,Force India
2018,17,Japanese Grand Prix,2018-10-07,grosjean,Romain Grosjean,haas,Haas F1 Team
2018,17,Japanese Grand Prix,2018-10-07,ocon,Esteban Ocon,force_india,Force India
2018,17,Japanese Grand Prix,2018-10-07,sainz,Carlos Sainz,renault,Renault
2018,17,Japanese Grand Prix,2018-10-07,gasly,Pierre Gasly,toro_rosso,Toro Rosso
2018,17,Japanese Grand Prix,2018-10-07,ericsson,Marcus Ericsson,sauber,Sauber
2018,17,Japanese Grand Prix,2018-10-07,brendon_hartley,Brendon Hartley,toro_rosso,Toro Rosso
2018,17,Japanese Grand Prix,2018-10-07,alonso,Fernando Alonso,mclaren,McLaren
2018,17,Japanese Grand Prix,2018-10-07,vandoorne,Stoffel Vandoorne,mclaren,McLaren
2018,17,Japanese Grand Prix,2018-10-07,sirotkin,Sergey Sirotkin,williams,Williams
2018,17,Japanese Grand Prix,2018-10-07,stroll,Lance Stroll,williams,Williams
2018,17,Japanese Grand Prix,2018-10-07,leclerc,Charles Leclerc,sauber,Sauber
2018,17,Japanese Grand Prix,2018-10-07,hulkenberg,Nico Hülkenberg,renault,Renault
2018,17,Japanese Grand Prix,2018-10-07,kevin_magnussen,Kevin Magnussen,haas,Haas F1 Team
2018,18,United States Grand Prix,2018-10-21,raikkonen,Kimi Räikkönen,ferrari,Ferrari
2018,18,United States Grand Prix,2018-10-21,max_verstappen,Max Verstappen,red_bull,Red Bull
2018,18,United States Grand Prix,2018-10-21,hamilton,Lewis Hamilton,mercedes,Mercedes
2018,18,United States Grand Prix,2018-10-21,vettel,Sebastian Vettel,ferrari,Ferrari
2018,18,United States Grand Prix,2018-10-21,bottas,Valtteri Bottas,mercedes,Mercedes
2018,18,United States Grand Prix,2018-10-21,hulkenberg,Nico Hülkenberg,renault,Renault
2018,18,United States Grand Prix,2018-10-21,sainz,Carlos Sainz,renault,Renault
2018,18,United States Grand Prix,2018-10-21,perez,Sergio Pérez,force_india,Force India
2018,18,United States Grand Prix,2018-10-21,brendon_hartley,Brendon Hartley,toro_rosso,Toro Rosso
2018,18,United States Grand Prix,2018-10-21,ericsson,Marcus Ericsson,sauber,Sauber
2018,18,United States Grand Prix,2018-10-21,vandoorne,Stoffel Vandoorne,mclaren,McLaren
2018,18,United States Grand Prix,2018-10-21,gasly,Pierre Gasly,toro_rosso,Toro Rosso
2018,18,United States Grand Prix,2018-10-21,sirotkin,Sergey Sirotkin,williams,Williams
2018,18,United States Grand Prix,2018-10-21,stroll,Lance Stroll,williams,Williams
2018,18,United States Grand Prix,2018-10-21,leclerc,Charles Leclerc,sauber,Sauber
2018,18,United States Grand Prix,2018-10-21,ricciardo,Daniel Ricciardo,red_bull,Red Bull
2018,18,United States Grand Prix,2018-10-21,grosjean,Romain Grosjean,haas,Haas F1 Team
2018,18,United States Grand Prix,2018-10-21,alonso,Fernando Alonso,mclaren,McLaren
2018,18,United States Grand Prix,2018-10-21,ocon,Esteban Ocon,force_india,Force India
2018,18,United States Grand Prix,2018-10-21,kevin_magnussen,Kevin Magnussen,haas,Haas F1 Team
2018,19,Mexican Grand Prix,2018-10-28,max_verstappen,Max Verstappen,red_bull,Red Bull
2018,19,Mexican Grand Prix,2018-10-28,vettel,Sebastian Vettel,ferrari,Ferrari
2018,19,Mexican Grand Prix,2018-10-28,raikkonen,Kimi Räikkönen,ferrari,Ferrari
2018,19,Mexican Grand Prix,2018-10-28,hamilton,Lewis Hamilton,mercedes,Mercedes
2018,19,Mexican Grand Prix,2018-10-28,bottas,Valtteri Bottas,mercedes,Mercedes
2018,19,Mexican Grand Prix,2018-10-28,hulkenberg,Nico Hülkenberg,renault,Renault
2018,19,Mexican Grand Prix,2018-10-28,leclerc,Charles Leclerc,sauber,Sauber
2018,19,Mexican Grand Prix,2018-10-28,vandoorne,Stoffel Vandoorne,mclaren,McLaren
2018,19,Mexican Grand Prix,2018-10-28,ericsson,Marcus Ericsson,sauber,Sauber
2018,19,Mexican Grand Prix,2018-10-28,gasly,Pierre Gasly,toro_rosso,Toro Rosso
2018,19,Mexican Grand Prix,2018-10-28,ocon,Esteban Ocon,force_india,Force India
2018,19,Mexican Grand Prix,2018-10-28,stroll,Lance Stroll,williams,Williams
2018,19,Mexican Grand Prix,2018-10-28,sirotkin,Sergey Sirotkin,williams,Williams
2018,19,Mexican Grand Prix,2018-10-28,brendon_hartley,Brendon Hartley,toro_rosso,Toro Rosso
2018,19,Mexican Grand Prix,2018-10-28,kevin_magnussen,Kevin Magnussen,haas,Haas F1 Team
2018,19,Mexican Grand Prix,2018-10-28,grosjean,Romain Grosjean,haas,Haas F1 Team
2018,19,Mexican Grand Prix,2018-10-28,ricciardo,Daniel Ricciardo,red_bull,Red Bull
2018,19,Mexican Grand Prix,2018-10-28,perez,Sergio Pérez,force_india,Force India
2018,19,Mexican Grand Prix,2018-10-28,sainz,Carlos Sainz,renault,Renault
2018,19,Mexican Grand Prix,2018-10-28,alonso,Fernando Alonso,mclaren,McLaren
2018,20,Brazilian Grand Prix,2018-11-11,hamilton,Lewis Hamilton,mercedes,Mercedes
2018,20,Brazilian Grand Prix,2018-11-11,max_verstappen,Max Verstappen,red_bull,Red Bull
2018,20,Brazilian Grand Prix,2018-11-11,raikkonen,Kimi Räikkönen,ferrari,Ferrari
2018,20,Brazilian Grand Prix,2018-11-11,ricciardo,Daniel Ricciardo,red_bull,Red Bull
2018,20,Brazilian Grand Prix,2018-11-11,bottas,Valtteri Bottas,mercedes,Mercedes
2018,20,Brazilian Grand Prix,2018-11-11,vettel,Sebastian Vettel,ferrari,Ferrari
2018,20,Brazilian Grand Prix,2018-11-11,leclerc,Charles Leclerc,sauber,Sauber
2018,20,Brazilian Grand Prix,2018-11-11,grosjean,Romain Grosjean,haas,Haas F1 Team
2018,20,Brazilian Grand Prix,2018-11-11,kevin_magnussen,Kevin Magnussen,haas,Haas F1 Team
2018,20,Brazilian Grand Prix,2018-11-11,perez,Sergio Pérez,force_india,Force India
2018,20,Brazilian Grand Prix,2018-11-11,brendon_hartley,Brendon Hartley,toro_rosso,Toro Rosso
2018,20,Brazilian Grand Prix,2018-11-11,sainz,Carlos Sainz,renault,Renault
2018,20,Brazilian Grand Prix,2018-11-11,gasly,Pierre Gasly,toro_rosso,Toro Rosso
2018,20,Brazilian Grand Prix,2018-11-11,vandoorne,Stoffel Vandoorne,mclaren,McLaren
2018,20,Brazilian Grand Prix,2018-11-11,ocon,Esteban Ocon,force_india,Force India
2018,20,Brazilian Grand Prix,2018-11-11,sirotkin,Sergey Sirotkin,williams,Williams
2018,20,Brazilian Grand Prix,2018-11-11,alonso,Fernando Alonso,mclaren,McLaren
2018,20,Brazilian Grand Prix,2018-11-11,stroll,Lance Stroll,williams,Williams
2018,20,Brazilian Grand Prix,2018-11-11,hulkenberg,Nico Hülkenberg,renault,Renault
2018,20,Brazilian Grand Prix,2018-11-11,ericsson,Marcus Ericsson,sauber,Sauber
2018,21,Abu Dhabi Grand Prix,2018-11-25,hamilton,Lewis Hamilton,mercedes,Mercedes
2018,21,Abu Dhabi Grand Prix,2018-11-25,vettel,Sebastian Vettel,ferrari,Ferrari
2018,21,Abu Dhabi Grand Prix,2018-11-25,max_verstappen,Max Verstappen,red_bull,Red Bull
2018,21,Abu Dhabi Grand Prix,2018-11-25,ricciardo,Daniel Ricciardo,red_bull,Red Bull
2018,21,Abu Dhabi Grand Prix,2018-11-25,bottas,Valtteri Bottas,mercedes,Mercedes
2018,21,Abu Dhabi Grand Prix,2018-11-25,sainz,Carlos Sainz,renault,Renault
2018,21,Abu Dhabi Grand Prix,2018-11-25,leclerc,Charles Leclerc,sauber,Sauber
2018,21,Abu Dhabi Grand Prix,2018-11-25,perez,Sergio Pérez,force_india,Force India
2018,21,Abu Dhabi Grand Prix,2018-11-25,grosjean,Romain Grosjean,haas,Haas F1 Team
2018,21,Abu Dhabi Grand Prix,2018-11-25,kevin_magnussen,Kevin Magnussen,haas,Haas F1 Team
2018,21,Abu Dhabi Grand Prix,2018-11-25,alonso,Fernando Alonso,mclaren,McLaren
2018,21,Abu Dhabi Grand Prix,2018-11-25,brendon_hartley,Brendon Hartley,toro_rosso,Toro Rosso
2018,21,Abu Dhabi Grand Prix,2018-11-25,stroll,Lance Stroll,williams,Williams
2018,21,Abu Dhabi Grand Prix,2018-11-25,vandoorne,Stoffel Vandoorne,mclaren,McLaren
2018,21,Abu Dhabi Grand Prix,2018-11-25,sirotkin,Sergey Sirotkin,williams,Williams
2018,21,Abu Dhabi Grand Prix,2018-11-25,gasly,Pierre Gasly,toro_rosso,Toro Rosso
2018,21,Abu Dhabi Grand Prix,2018-11-25,ocon,Esteban Ocon,force_india,Force India
2018,21,Abu Dhabi Grand Prix,2018-11-25,ericsson,Marcus Ericsson,sauber,Sauber
2018,21,Abu Dhabi Grand Prix,2018-11-25,raikkonen,Kimi Räikkönen,ferrari,Ferrari
2018,21,Abu Dhabi Grand Prix,2018-11-25,hulkenberg,Nico Hülkenberg,renault,Renault
2019,1,Australian Grand Prix,2019-03-17,bottas,Valtteri Bottas,mercedes,Mercedes
2019,1,Australian Grand Prix,2019-03-17,hamilton,Lewis Hamilton,mercedes,Mercedes
2019,1,Australian Grand Prix,2019-03-17,max_verstappen,Max Verstappen,red_bull,Red Bull
2019,1,Australian Grand Prix,2019-03-17,vettel,Sebastian Vettel,ferrari,Ferrari
2019,1,Australian Grand Prix,2019-03-17,leclerc,Charles Leclerc,ferrari,Ferrari
2019,1,Australian Grand Prix,2019-03-17,kevin_magnussen,Kevin Magnussen,haas,Haas F1 Team
2019,1,Australian Grand Prix,2019-03-17,hulkenberg,Nico Hülkenberg,renault,Renault
2019,1,Australian Grand Prix,2019-03-17,raikkonen,Kimi Räikkönen,alfa,Alfa Romeo
2019,1,Australian Grand Prix,2019-03-17,stroll,Lance Stroll,racing_point,Racing Point
2019,1,Australian Grand Prix,2019-03-17,kvyat,Daniil Kvyat,toro_rosso,Toro Rosso
2019,1,Australian Grand Prix,2019-03-17,gasly,Pierre Gasly,red_bull,Red Bull
2019,1,Australian Grand Prix,2019-03-17,norris,Lando Norris,mclaren,McLaren
2019,1,Australian Grand Prix,2019-03-17,perez,Sergio Pérez,racing_point,Racing Point
2019,1,Australian Grand Prix,2019-03-17,albon,Alexander Albon,toro_rosso,Toro Rosso
2019,1,Australian Grand Prix,2019-03-17,giovinazzi,Antonio Giovinazzi,alfa,Alfa Romeo
2019,1,Australian Grand Prix,2019-03-17,russell,George Russell,williams,Williams
2019,1,Australian Grand Prix,2019-03-17,kubica,Robert Kubica,williams,Williams
2019,1,Australian Grand Prix,2019-03-17,grosjean,Romain Grosjean,haas,Haas F1 Team
2019,1,Australian Grand Prix,2019-03-17,ricciardo,Daniel Ricciardo,renault,Renault
2019,1,Australian Grand Prix,2019-03-17,sainz,Carlos Sainz,mclaren,McLaren
2019,2,Bahrain Grand Prix,2019-03-31,hamilton,Lewis Hamilton,mercedes,Mercedes
2019,2,Bahrain Grand Prix,2019-03-31,bottas,Valtteri Bottas,mercedes,Mercedes
2019,2,Bahrain Grand Prix,2019-03-31,leclerc,Charles Leclerc,ferrari,Ferrari
2019,2,Bahrain Grand Prix,2019-03-31,max_verstappen,Max Verstappen,red_bull,Red Bull
2019,2,Bahrain Grand Prix,2019-03-31,vettel,Sebastian Vettel,ferrari,Ferrari
2019,2,Bahrain Grand Prix,2019-03-31,norris,Lando Norris,mclaren,McLaren
2019,2,Bahrain Grand Prix,2019-03-31,raikkonen,Kimi Räikkönen,alfa,Alfa Romeo
2019,2,Bahrain Grand Prix,2019-03-31,gasly,Pierre Gasly,red_bull,Red Bull
2019,2,Bahrain Grand Prix,2019-03-31,albon,Alexander Albon,toro_rosso,Toro Rosso
2019,2,Bahrain Grand Prix,2019-03-31,perez,Sergio Pérez,racing_point,Racing Point
2019,2,Bahrain Grand Prix,2019-03-31,giovinazzi,Antonio Giovinazzi,alfa,Alfa Romeo
2019,2,Bahrain Grand Prix,2019-03-31,kvyat,Daniil Kvyat,toro_rosso,Toro Rosso
2019,2,Bahrain Grand Prix,2019-03-31,kevin_magnussen,Kevin Magnussen,haas,Haas F1 Team
2019,2,Bahrain Grand Prix,2019-03-31,stroll,Lance Stroll,racing_point,Racing Point
2019,2,Bahrain Grand Prix,2019-03-31,russell,George Russell,williams,Williams
2019,2,Bahrain Grand Prix,2019-03-31,kubica,Robert Kubica,williams,Williams
2019,2,Bahrain Grand Prix,2019-03-31,hulkenberg,Nico Hülkenberg,renault,Renault
2019,2,Bahrain Grand Prix,2019-03-31,ricciardo,Daniel Ricciardo,renault,Renault
2019,2,Bahrain Grand Prix,2019-03-31,sainz,Carlos Sainz,mclaren,McLaren
2019,2,Bahrain Grand Prix,2019-03-31,grosjean,Romain Grosjean,haas,Haas F1 Team
2019,3,Chinese Grand Prix,2019-04-14,hamilton,Lewis Hamilton,mercedes,Mercedes
2019,3,Chinese Grand Prix,2019-04-14,bottas,Valtteri Bottas,mercedes,Mercedes
2019,3,Chinese Grand Prix,2019-04-14,vettel,Sebastian Vettel,ferrari,Ferrari
2019,3,Chinese Grand Prix,2019-04-14,max_verstappen,Max Verstappen,red_bull,Red Bull
2019,3,Chinese Grand Prix,2019-04-14,leclerc,Charles Leclerc,ferrari,Ferrari
2019,3,Chinese Grand Prix,2019-04-14,gasly,Pierre Gasly,red_bull,Red Bull
2019,3,Chinese Grand Prix,2019-04-14,ricciardo,Daniel Ricciardo,renault,Renault
2019,3,Chinese Grand Prix,2019-04-14,perez,Sergio Pérez,racing_point,Racing Point
2019,3,Chinese Grand Prix,2019-04-14,raikkonen,Kimi Räikkönen,alfa,Alfa Romeo
2019,3,Chinese Grand Prix,2019-04-14,albon,Alexander Albon,toro_rosso,Toro Rosso
2019,3,Chinese Grand Prix,2019-04-14,grosjean,Romain Grosjean,haas,Haas F1 Team
2019,3,Chinese Grand Prix,2019-04-14,stroll,Lance Stroll,racing_point,Racing Point
2019,3,Chinese Grand Prix,2019-04-14,kevin_magnussen,Kevin Magnussen,haas,Haas F1 Team
2019,3,Chinese Grand Prix,2019-04-14,sainz,Carlos Sainz,mclaren,McLaren
2019,3,Chinese Grand Prix,2019-04-14,giovinazzi,Antonio Giovinazzi,alfa,Alfa Romeo
2019,3,Chinese Grand Prix,2019-04-14,russell,George Russell,williams,Williams
2019,3,Chinese Grand Prix,2019-04-14,kubica,Robert Kubica,williams,Williams
2019,3,Chinese Grand Prix,2019-04-14,norris,Lando Norris,mclaren,McLaren
2019,3,Chinese Grand Prix,2019-04-14,kvyat,Daniil Kvyat,toro_rosso,Toro Rosso
2019,3,Chinese Grand Prix,2019-04-14,hulkenberg,Nico Hülkenberg,renault,Renault
2019,4,Azerbaijan Grand Prix,2019-04-28,bottas,Valtteri Bottas,mercedes,Mercedes
2019,4,Azerbaijan Grand Prix,2019-04-28,hamilton,Lewis Hamilton,mercedes,Mercedes
2019,4,Azerbaijan Grand Prix,2019-04-28,vettel,Sebastian Vettel,ferrari,Ferrari
2019,4,Azerbaijan Grand Prix,2019-04-28,max_verstappen,Max Verstappen,red_bull,Red Bull
2019,4,Azerbaijan Grand Prix,2019-04-28,leclerc,Charles Leclerc,ferrari,Ferrari
2019,4,Azerbaijan Grand Prix,2019-04-28,perez,Sergio Pérez,racing_point,Racing Point
2019,4,Azerbaijan Grand Prix,2019-04-28,sainz,Carlos Sainz,mclaren,McLaren
2019,4,Azerbaijan Grand Prix,2019-04-28,norris,Lando Norris,mclaren,McLaren
2019,4,Azerbaijan Grand Prix,2019-04-28,stroll,Lance Stroll,racing_point,Racing Point
2019,4,Azerbaijan Grand Prix,2019-04-28,raikkonen,Kimi Räikkönen,alfa,Alfa Romeo
2019,4,Azerbaijan Grand Prix,2019-04-28,albon,Alexander Albon,toro_rosso,Toro Rosso
2019,4,Azerbaijan Grand Prix,2019-04-28,giovinazzi,Antonio Giovinazzi,alfa,Alfa Romeo
2019,4,Azerbaijan Grand Prix,2019-04-28,kevin_magnussen,Kevin Magnussen,haas,Haas F1 Team
2019,4,Azerbaijan Grand Prix,2019-04-28,hulkenberg,Nico Hülkenberg,renault,Renault
2019,4,Azerbaijan Grand Prix,2019-04-28,russell,George Russell,williams,Williams
2019,4,Azerbaijan Grand Prix,2019-04-28,kubica,Robert Kubica,williams,Williams
2019,4,Azerbaijan Grand Prix,2019-04-28,gasly,Pierre Gasly,red_bull,Red Bull
2019,4,Azerbaijan Grand Prix,2019-04-28,grosjean,Romain Grosjean,haas,Haas F1 Team
2019,4,Azerbaijan Grand Prix,2019-04-28,kvyat,Daniil Kvyat,toro_rosso,Toro Rosso
2019,4,Azerbaijan Grand Prix,2019-04-28,ricciardo,Daniel Ricciardo,renault,Renault
2019,5,Spanish Grand Prix,2019-05-12,hamilton,Lewis Hamilton,mercedes,Mercedes
2019,5,Spanish Grand Prix,2019-05-12,bottas,Valtteri Bottas,mercedes,Mercedes
2019,5,Spanish Grand Prix,2019-05-12,max_verstappen,Max Verstappen,red_bull,Red Bull
2019,5,Spanish Grand Prix,2019-05-12,vettel,Sebastian Vettel,ferrari,Ferrari
2019,5,Spanish Grand Prix,2019-05-12,leclerc,Charles Leclerc,ferrari,Ferrari
2019,5,Spanish Grand Prix,2019-05-12,gasly,Pierre Gasly,red_bull,Red Bull
2019,5,Spanish Grand Prix,2019-05-12,kevin_magnussen,Kevin Magnussen,haas,Haas F1 Team
2019,5,Spanish Grand Prix,2019-05-12,sainz,Carlos Sainz,mclaren,McLaren
2019,5,Spanish Grand Prix,2019-05-12,kvyat,Daniil Kvyat,toro_rosso,Toro Rosso
2019,5,Spanish Grand Prix,2019-05-12,grosjean,Romain Grosjean,haas,Haas F1 Team
2019,5,Spanish Grand Prix,2019-05-12,albon,Alexander Albon,toro_rosso,Toro Rosso
2019,5,Spanish Grand Prix,2019-05-12,ricciardo,Daniel Ricciardo,renault,Renault
2019,5,Spanish Grand Prix,2019-05-12,hulkenberg,Nico Hülkenberg,renault,Renault
2019,5,Spanish Grand Prix,2019-05-12,raikkonen,Kimi Räikkönen,alfa,Alfa Romeo
2019,5,Spanish Grand Prix,2019-05-12,perez,Sergio Pérez,racing_point,Racing Point
2019,5,Spanish Grand Prix,2019-05-12,giovinazzi,Antonio Giovinazzi,alfa,Alfa Romeo
2019,5,Spanish Grand Prix,2019-05-12,russell,George Russell,williams,Williams
2019,5,Spanish Grand Prix,2019-05-12,kubica,Robert Kubica,williams,Williams
2019,5,Spanish Grand Prix,2019-05-12,stroll,Lance Stroll,racing_point,Racing Point
2019,5,Spanish Grand Prix,2019-05-12,norris,Lando Norris,mclaren,McLaren
2019,6,Monaco Grand Prix,2019-05-26,hamilton,Lewis Hamilton,mercedes,Mercedes
2019,6,Monaco Grand Prix,2019-05-26,vettel,Sebastian Vettel,ferrari,Ferrari
2019,6,Monaco Grand Prix,2019-05-26,bottas,Valtteri Bottas,mercedes,Mercedes
2019,6,Monaco Grand Prix,2019-05-26,max_verstappen,Max Verstappen,red_bull,Red Bull
2019,6,Monaco Grand Prix,2019-05-26,gasly,Pierre Gasly,red_bull,Red Bull
2019,6,Monaco Grand Prix,2019-05-26,sainz,Carlos Sainz,mclaren,McLaren
2019,6,Monaco Grand Prix,2019-05-26,kvyat,Daniil Kvyat,toro_rosso,Toro Rosso
2019,6,Monaco Grand Prix,2019-05-26,albon,Alexander Albon,toro_rosso,Toro Rosso
2019,6,Monaco Grand Prix,2019-05-26,ricciardo,Daniel Ricciardo,renault,Renault
2019,6,Monaco Grand Prix,2019-05-26,grosjean,Romain Grosjean,haas,Haas F1 Team
2019,6,Monaco Grand Prix,2019-05-26,norris,Lando Norris,mclaren,McLaren
2019,6,Monaco Grand Prix,2019-05-26,perez,Sergio Pérez,racing_point,Racing Point
2019,6,Monaco Grand Prix,2019-05-26,hulkenberg,Nico Hülkenberg,renault,Renault
2019,6,Monaco Grand Prix,2019-05-26,kevin_magnussen,Kevin Magnussen,haas,Haas F1 Team
2019,6,Monaco Grand Prix,2019-05-26,russell,George Russell,williams,Williams
2019,6,Monaco Grand Prix,2019-05-26,stroll,Lance Stroll,racing_point,Racing Point
2019,6,Monaco Grand Prix,2019-05-26,raikkonen,Kimi Räikkönen,alfa,Alfa Romeo
2019,6,Monaco Grand Prix,2019-05-26,kubica,Robert Kubica,williams,Williams
2019,6,Monaco Grand Prix,2019-05-26,giovinazzi,Antonio Giovinazzi,alfa,Alfa Romeo
2019,6,Monaco Grand Prix,2019-05-26,leclerc,Charles Leclerc,ferrari,Ferrari
2019,7,Canadian Grand Prix,2019-06-09,hamilton,Lewis Hamilton,mercedes,Mercedes
2019,7,Canadian Grand Prix,2019-06-09,vettel,Sebastian Vettel,ferrari,Ferrari
2019,7,Canadian Grand Prix,2019-06-09,leclerc,Charles Leclerc,ferrari,Ferrari
2019,7,Canadian Grand Prix,2019-06-09,bottas,Valtteri Bottas,mercedes,Mercedes
2019,7,Canadian Grand Prix,2019-06-09,max_verstappen,Max Verstappen,red_bull,Red Bull
2019,7,Canadian Grand Prix,2019-06-09,ricciardo,Daniel Ricciardo,renault,Renault
2019,7,Canadian Grand Prix,2019-06-09,hulkenberg,Nico Hülkenberg,renault,Renault
2019,7,Canadian Grand Prix,2019-06-09,gasly,Pierre Gasly,red_bull,Red Bull
2019,7,Canadian Grand Prix,2019-06-09,stroll,Lance Stroll,racing_point,Racing Point
2019,7,Canadian Grand Prix,2019-06-09,kvyat,Daniil Kvyat,toro_rosso,Toro Rosso
2019,7,Canadian Grand Prix,2019-06-09,sainz,Carlos Sainz,mclaren,McLaren
2019,7,Canadian Grand Prix,2019-06-09,perez,Sergio Pérez,racing_point,Racing Point
2019,7,Canadian Grand Prix,2019-06-09,giovinazzi,Antonio Giovinazzi,alfa,Alfa Romeo
2019,7,Canadian Grand Prix,2019-06-09,grosjean,Romain Grosjean,haas,Haas F1 Team
2019,7,Canadian Grand Prix,2019-06-09,raikkonen,Kimi Räikkönen,alfa,Alfa Romeo
2019,7,Canadian Grand Prix,2019-06-09,russell,George Russell,williams,Williams
2019,7,Canadian Grand Prix,2019-06-09,kevin_magnussen,Kevin Magnussen,haas,Haas F1 Team
2019,7,Canadian Grand Prix,2019-06-09,kubica,Robert Kubica,williams,Williams
2019,7,Canadian Grand Prix,2019-06-09,albon,Alexander Albon,toro_rosso,Toro Rosso
2019,7,Canadian Grand Prix,2019-06-09,norris,Lando Norris,mclaren,McLaren
2019,8,French Grand Prix,2019-06-23,hamilton,Lewis Hamilton,mercedes,Mercedes
2019,8,French Grand Prix,2019-06-23,bottas,Valtteri Bottas,mercedes,Mercedes
2019,8,French Grand Prix,2019-06-23,leclerc,Charles Leclerc,ferrari,Ferrari
2019,8,French Grand Prix,2019-06-23,max_verstappen,Max Verstappen,red_bull,Red Bull
2019,8,French Grand Prix,2019-06-23,vettel,Sebastian Vettel,ferrari,Ferrari
2019,8,French Grand Prix,2019-06-23,sainz,Carlos Sainz,mclaren,McLaren
2019,8,French Grand Prix,2019-06-23,raikkonen,Kimi Räikkönen,alfa,Alfa Romeo
2019,8,French Grand Prix,2019-06-23,hulkenberg,Nico Hülkenberg,renault,Renault
2019,8,French Grand Prix,2019-06-23,norris,Lando Norris,mclaren,McLaren
2019,8,French Grand Prix,2019-06-23,gasly,Pierre Gasly,red_bull,Red Bull
2019,8,French Grand Prix,2019-06-23,ricciardo,Daniel Ricciardo,renault,Renault
2019,8,French Grand Prix,2019-06-23,perez,Sergio Pérez,racing_point,Racing Point
2019,8,French Grand Prix,2019-06-23,stroll,Lance Stroll,racing_point,Racing Point
2019,8,French Grand Prix,2019-06-23,kvyat,Daniil Kvyat,toro_rosso,Toro Rosso
2019,8,French Grand Prix,2019-06-23,albon,Alexander Albon,toro_rosso,Toro Rosso
2019,8,French Grand Prix,2019-06-23,giovinazzi,Antonio Giovinazzi,alfa,Alfa Romeo
2019,8,French Grand Prix,2019-06-23,kevin_magnussen,Kevin Magnussen,haas,Haas F1 Team
2019,8,French Grand Prix,2019-06-23,kubica,Robert Kubica,williams,Williams
2019,8,French Grand Prix,2019-06-23,russell,George Russell,williams,Williams
2019,8,French Grand Prix,2019-06-23,grosjean,Romain Grosjean,haas,Haas F1 Team
2019,9,Austrian Grand Prix,2019-06-30,max_verstappen,Max Verstappen,red_bull,Red Bull
2019,9,Austrian Grand Prix,2019-06-30,leclerc,Charles Leclerc,ferrari,Ferrari
2019,9,Austrian Grand Prix,2019-06-30,bottas,Valtteri Bottas,mercedes,Mercedes
2019,9,Austrian Grand Prix,2019-06-30,vettel,Sebastian Vettel,ferrari,Ferrari
2019,9,Austrian Grand Prix,2019-06-30,hamilton,Lewis Hamilton,mercedes,Mercedes
2019,9,Austrian Grand Prix,2019-06-30,norris,Lando Norris,mclaren,McLaren
2019,9,Austrian Grand Prix,2019-06-30,gasly,Pierre Gasly,red_bull,Red Bull
2019,9,Austrian Grand Prix,2019-06-30,sainz,Carlos Sainz,mclaren,McLaren
2019,9,Austrian Grand Prix,2019-06-30,raikkonen,Kimi Räikkönen,alfa,Alfa Romeo
2019,9,Austrian Grand Prix,2019-06-30,giovinazzi,Antonio Giovinazzi,alfa,Alfa Romeo
2019,9,Austrian Grand Prix,2019-06-30,perez,Sergio Pérez,racing_point,Racing Point
2019,9,Austrian Grand Prix,2019-06-30,ricciardo,Daniel Ricciardo,renault,Renault
2019,9,Austrian Grand Prix,2019-06-30,hulkenberg,Nico Hülkenberg,renault,Renault
2019,9,Austrian Grand Prix,2019-06-30,stroll,Lance Stroll,racing_point,Racing Point
2019,9,Austrian Grand Prix,2019-06-30,albon,Alexander Albon,toro_rosso,Toro Rosso
2019,9,Austrian Grand Prix,2019-06-30,grosjean,Romain Grosjean,haas,Haas F1 Team
2019,9,Austrian Grand Prix,2019-06-30,kvyat,Daniil Kvyat,toro_rosso,Toro Rosso
2019,9,Austrian Grand Prix,2019-06-30,russell,George Russell,williams,Williams
2019,9,Austrian Grand Prix,2019-06-30,kevin_magnussen,Kevin Magnussen,haas,Haas F1 Team
2019,9,Austrian Grand Prix,2019-06-30,kubica,Robert Kubica,williams,Williams
2019,10,British Grand Prix,2019-07-14,hamilton,Lewis Hamilton,mercedes,Mercedes
2019,10,British Grand Prix,2019-07-14,bottas,Valtteri Bottas,mercedes,Mercedes
2019,10,British Grand Prix,2019-07-14,leclerc,Charles Leclerc,ferrari,Ferrari
2019,10,British Grand Prix,2019-07-14,gasly,Pierre Gasly,red_bull,Red Bull
2019,10,British Grand Prix,2019-07-14,max_verstappen,Max Verstappen,red_bull,Red Bull
2019,10,British Grand Prix,2019-07-14,sainz,Carlos Sainz,mclaren,McLaren
2019,10,British Grand Prix,2019-07-14,ricciardo,Daniel Ricciardo,renault,Renault
2019,10,British Grand Prix,2019-07-14,raikkonen,Kimi Räikkönen,alfa,Alfa Romeo
2019,10,British Grand Prix,2019-07-14,kvyat,Daniil Kvyat,toro_rosso,Toro Rosso
2019,10,British Grand Prix,2019-07-14,hulkenberg,Nico Hülkenberg,renault,Renault
2019,10,British Grand Prix,2019-07-14,norris,Lando Norris,mclaren,McLaren
2019,10,British Grand Prix,2019-07-14,albon,Alexander Albon,toro_rosso,Toro Rosso
2019,10,British Grand Prix,2019-07-14,stroll,Lance Stroll,racing_point,Racing Point
2019,10,British Grand Prix,2019-07-14,russell,George Russell,williams,Williams
2019,10,British Grand Prix,2019-07-14,kubica,Robert Kubica,williams,Williams
2019,10,British Grand Prix,2019-07-14,vettel,Sebastian Vettel,ferrari,Ferrari
2019,10,British Grand Prix,2019-07-14,perez,Sergio Pérez,racing_point,Racing Point
2019,10,British Grand Prix,2019-07-14,giovinazzi,Antonio Giovinazzi,alfa,Alfa Romeo
2019,10,British Grand Prix,2019-07-14,grosjean,Romain Grosjean,haas,Haas F1 Team
2019,10,British Grand Prix,2019-07-14,kevin_magnussen,Kevin Magnussen,haas,Haas F1 Team
2019,11,German Grand Prix,2019-07-28,max_verstappen,Max Verstappen,red_bull,Red Bull
2019,11,German Grand Prix,2019-07-28,vettel,Sebastian Vettel,ferrari,Ferrari
2019,11,German Grand Prix,2019-07-28,kvyat,Daniil Kvyat,toro_rosso,Toro Rosso
2019,11,German Grand Prix,2019-07-28,stroll,Lance Stroll,racing_point,Racing Point
2019,11,German Grand Prix,2019-07-28,sainz,Carlos Sainz,mclaren,McLaren
2019,11,German Grand Prix,2019-07-28,albon,Alexander Albon,toro_rosso,Toro Rosso
2019,11,German Grand Prix,2019-07-28,grosjean,Romain Grosjean,haas,Haas F1 Team
2019,11,German Grand Prix,2019-07-28,kevin_magnussen,Kevin Magnussen,haas,Haas F1 Team
2019,11,German Grand Prix,2019-07-28,hamilton,Lewis Hamilton,mercedes,Mercedes
2019,11,German Grand Prix,2019-07-28,kubica,Robert Kubica,williams,Williams
2019,11,German Grand Prix,2019-07-28,russell,George Russell,williams,Williams
2019,11,German Grand Prix,2019-07-28,raikkonen,Kimi Räikkönen,alfa,Alfa Romeo
2019,11,German Grand Prix,2019-07-28,giovinazzi,Antonio Giovinazzi,alfa,Alfa Romeo
2019,11,German Grand Prix,2019-07-28,gasly,Pierre Gasly,red_bull,Red Bull
2019,11,German Grand Prix,2019-07-28,bottas,Valtteri Bottas,mercedes,Mercedes
2019,11,German Grand Prix,2019-07-28,hulkenberg,Nico Hülkenberg,renault,Renault
2019,11,German Grand Prix,2019-07-28,leclerc,Charles Leclerc,ferrari,Ferrari
2019,11,German Grand Prix,2019-07-28,norris,Lando Norris,mclaren,McLaren
2019,11,German Grand Prix,2019-07-28,ricciardo,Daniel Ricciardo,renault,Renault
2019,11,German Grand Prix,2019-07-28,perez,Sergio Pérez,racing_point,Racing Point
2019,12,Hungarian Grand Prix,2019-08-04,hamilton,Lewis Hamilton,mercedes,Mercedes
2019,12,Hungarian Grand Prix,2019-08-04,max_verstappen,Max Verstappen,red_bull,Red Bull
2019,12,Hungarian Grand Prix,2019-08-04,vettel,Sebastian Vettel,ferrari,Ferrari
2019,12,Hungarian Grand Prix,2019-08-04,leclerc,Charles Leclerc,ferrari,Ferrari
2019,12,Hungarian Grand Prix,2019-08-04,sainz,Carlos Sainz,mclaren,McLaren
2019,12,Hungarian Grand Prix,2019-08-04,gasly,Pierre Gasly,red_bull,Red Bull
2019,12,Hungarian Grand Prix,2019-08-04,raikkonen,Kimi Räikkönen,alfa,Alfa Romeo
2019,12,Hungarian Grand Prix,2019-08-04,bottas,Valtteri Bottas,mercedes,Mercedes
2019,12,Hungarian Grand Prix,2019-08-04,norris,Lando Norris,mclaren,McLaren
2019,12,Hungarian Grand Prix,2019-08-04,albon,Alexander Albon,toro_rosso,Toro Rosso
2019,12,Hungarian Grand Prix,2019-08-04,perez,Sergio Pérez,racing_point,Racing Point
2019,12,Hungarian Grand Prix,2019-08-04,hulkenberg,Nico Hülkenberg,renault,Renault
2019,12,Hungarian Grand Prix,2019-08-04,kevin_magnussen,Kevin Magnussen,haas,Haas F1 Team
2019,12,Hungarian Grand Prix,2019-08-04,ricciardo,Daniel Ricciardo,renault,Renault
2019,12,Hungarian Grand Prix,2019-08-04,kvyat,Daniil Kvyat,toro_rosso,Toro Rosso
2019,12,Hungarian Grand Prix,2019-08-04,russell,George Russell,williams,Williams
2019,12,Hungarian Grand Prix,2019-08-04,stroll,Lance Stroll,racing_point,Racing Point
2019,12,Hungarian Grand Prix,2019-08-04,giovinazzi,Antonio Giovinazzi,alfa,Alfa Romeo
2019,12,Hungarian Grand Prix,2019-08-04,kubica,Robert Kubica,williams,Williams
2019,12,Hungarian Grand Prix,2019-08-04,grosjean,Romain Grosjean,haas,Haas F1 Team
2019,13,Belgian Grand Prix,2019-09-01,leclerc,Charles Leclerc,ferrari,Ferrari
2019,13,Belgian Grand Prix,2019-09-01,hamilton,Lewis Hamilton,mercedes,Mercedes
2019,13,Belgian Grand Prix,2019-09-01,bottas,Valtteri Bottas,mercedes,Mercedes
2019,13,Belgian Grand Prix,2019-09-01,vettel,Sebastian Vettel,ferrari,Ferrari
2019,13,Belgian Grand Prix,2019-09-01,albon,Alexander Albon,red_bull,Red Bull
2019,13,Belgian Grand Prix,2019-09-01,perez,Sergio Pérez,racing_point,Racing Point
2019,13,Belgian Grand Prix,2019-09-01,kvyat,Daniil Kvyat,toro_rosso,Toro Rosso
2019,13,Belgian Grand Prix,2019-09-01,hulkenberg,Nico Hülkenberg,renault,Renault
2019,13,Belgian Grand Prix,2019-09-01,gasly,Pierre Gasly,toro_rosso,Toro Rosso
2019,13,Belgian Grand Prix,2019-09-01,stroll,Lance Stroll,racing_point,Racing Point
2019,13,Belgian Grand Prix,2019-09-01,norris,Lando Norris,mclaren,McLaren
2019,13,Belgian Grand Prix,2019-09-01,kevin_magnussen,Kevin Magnussen,haas,Haas F1 Team
2019,13,Belgian Grand Prix,2019-09-01,grosjean,Romain Grosjean,haas,Haas F1 Team
2019,13,Belgian Grand Prix,2019-09-01,ricciardo,Daniel Ricciardo,renault,Renault
2019,13,Belgian Grand Prix,2019-09-01,russell,George Russell,williams,Williams
2019,13,Belgian Grand Prix,2019-09-01,raikkonen,Kimi Räikkönen,alfa,Alfa Romeo
2019,13,Belgian Grand Prix,2019-09-01,kubica,Robert Kubica,williams,Williams
2019,13,Belgian Grand Prix,2019-09-01,giovinazzi,Antonio Giovinazzi,alfa,Alfa Romeo
2019,13,Belgian Grand Prix,2019-09-01,sainz,Carlos Sainz,mclaren,McLaren
2019,13,Belgian Grand Prix,2019-09-01,max_verstappen,Max Verstappen,red_bull,Red Bull
2019,14,Italian Grand Prix,2019-09-08,leclerc,Charles Leclerc,ferrari,Ferrari
2019,14,Italian Grand Prix,2019-09-08,bottas,Valtteri Bottas,mercedes,Mercedes
2019,14,Italian Grand Prix,2019-09-08,hamilton,Lewis Hamilton,mercedes,Mercedes
2019,14,Italian Grand Prix,2019-09-08,ricciardo,Daniel Ricciardo,renault,Renault
2019,14,Italian Grand Prix,2019-09-08,hulkenberg,Nico Hülkenberg,renault,Renault
2019,14,Italian Grand Prix,2019-09-08,albon,Alexander Albon,red_bull,Red Bull
2019,14,Italian Grand Prix,2019-09-08,perez,Sergio Pérez,racing_point,Racing Point
2019,14,Italian Grand Prix,2019-09-08,max_verstappen,Max Verstappen,red_bull,Red Bull
2019,14,Italian Grand Prix,2019-09-08,giovinazzi,Antonio Giovinazzi,alfa,Alfa Romeo
2019,14,Italian Grand Prix,2019-09-08,norris,Lando Norris,mclaren,McLaren
2019,14,Italian Grand Prix,2019-09-08,gasly,Pierre Gasly,toro_rosso,Toro Rosso
2019,14,Italian Grand Prix,2019-09-08,stroll,Lance Stroll,racing_point,Racing Point
2019,14,Italian Grand Prix,2019-09-08,vettel,Sebastian Vettel,ferrari,Ferrari
2019,14,Italian Grand Prix,2019-09-08,russell,George Russell,williams,Williams
2019,14,Italian Grand Prix,2019-09-08,raikkonen,Kimi Räikkönen,alfa,Alfa Romeo
2019,14,Italian Grand Prix,2019-09-08,grosjean,Romain Grosjean,haas,Haas F1 Team
2019,14,Italian Grand Prix,2019-09-08,kubica,Robert Kubica,williams,Williams
2019,14,Italian Grand Prix,2019-09-08,kevin_magnussen,Kevin Magnussen,haas,Haas F1 Team
2019,14,Italian Grand Prix,2019-09-08,kvyat,Daniil Kvyat,toro_rosso,Toro Rosso
2019,14,Italian Grand Prix,2019-09-08,sainz,Carlos Sainz,mclaren,McLaren
2019,15,Singapore Grand Prix,2019-09-22,vettel,Sebastian Vettel,ferrari,Ferrari
2019,15,Singapore Grand Prix,2019-09-22,leclerc,Charles Leclerc,ferrari,Ferrari
2019,15,Singapore Grand Prix,2019-09-22,max_verstappen,Max Verstappen,red_bull,Red Bull
2019,15,Singapore Grand Prix,2019-09-22,hamilton,Lewis Hamilton,mercedes,Mercedes
2019,15,Singapore Grand Prix,2019-09-22,bottas,Valtteri Bottas,mercedes,Mercedes
2019,15,Singapore Grand Prix,2019-09-22,albon,Alexander Albon,red_bull,Red Bull
2019,15,Singapore Grand Prix,2019-09-22,norris,Lando Norris,mclaren,McLaren
2019,15,Singapore Grand Prix,2019-09-22,gasly,Pierre Gasly,toro_rosso,Toro Rosso
2019,15,Singapore Grand Prix,2019-09-22,hulkenberg,Nico Hülkenberg,renault,Renault
2019,15,Singapore Grand Prix,2019-09-22,giovinazzi,Antonio Giovinazzi,alfa,Alfa Romeo
2019,15,Singapore Grand Prix,2019-09-22,grosjean,Romain Grosjean,haas,Haas F1 Team
2019,15,Singapore Grand Prix,2019-09-22,sainz,Carlos Sainz,mclaren,McLaren
2019,15,Singapore Grand Prix,2019-09-22,stroll,Lance Stroll,racing_point,Racing Point
2019,15,Singapore Grand Prix,2019-09-22,ricciardo,Daniel Ricciardo,renault,Renault
2019,15,Singapore Grand Prix,2019-09-22,kvyat,Daniil Kvyat,toro_rosso,Toro Rosso
2019,15,Singapore Grand Prix,2019-09-22,kubica,Robert Kubica,williams,Williams
2019,15,Singapore Grand Prix,2019-09-22,kevin_magnussen,Kevin Magnussen,haas,Haas F1 Team
2019,15,Singapore Grand Prix,2019-09-22,raikkonen,Kimi Räikkönen,alfa,Alfa Romeo
2019,15,Singapore Grand Prix,2019-09-22,perez,Sergio Pérez,racing_point,Racing Point
2019,15,Singapore Grand Prix,2019-09-22,russell,George Russell,williams,Williams
2019,16,Russian Grand Prix,2019-09-29,hamilton,Lewis Hamilton,mercedes,Mercedes
2019,16,Russian Grand Prix,2019-09-29,bottas,Valtteri Bottas,mercedes,Mercedes
2019,16,Russian Grand Prix,2019-09-29,leclerc,Charles Leclerc,ferrari,Ferrari
2019,16,Russian Grand Prix,2019-09-29,max_verstappen,Max Verstappen,red_bull,Red Bull
2019,16,Russian Grand Prix,2019-09-29,albon,Alexander Albon,red_bull,Red Bull
2019,16,Russian Grand Prix,2019-09-29,sainz,Carlos Sainz,mclaren,McLaren
2019,16,Russian Grand Prix,2019-09-29,perez,Sergio Pérez,racing_point,Racing Point
2019,16,Russian Grand Prix,2019-09-29,norris,Lando Norris,mclaren,McLaren
2019,16,Russian Grand Prix,2019-09-29,kevin_magnussen,Kevin Magnussen,haas,Haas F1 Team
2019,16,Russian Grand Prix,2019-09-29,hulkenberg,Nico Hülkenberg,renault,Renault
2019,16,Russian Grand Prix,2019-09-29,stroll,Lance Stroll,racing_point,Racing Point
2019,16,Russian Grand Prix,2019-09-29,kvyat,Daniil Kvyat,toro_rosso,Toro Rosso
2019,16,Russian Grand Prix,2019-09-29,raikkonen,Kimi Räikkönen,alfa,Alfa Romeo
2019,16,Russian Grand Prix,2019-09-29,gasly,Pierre Gasly,toro_rosso,Toro Rosso
2019,16,Russian Grand Prix,2019-09-29,giovinazzi,Antonio Giovinazzi,alfa,Alfa Romeo
2019,16,Russian Grand Prix,2019-09-29,kubica,Robert Kubica,williams,Williams
2019,16,Russian Grand Prix,2019-09-29,russell,George Russell,williams,Williams
2019,16,Russian Grand Prix,2019-09-29,vettel,Sebastian Vettel,ferrari,Ferrari
2019,16,Russian Grand Prix,2019-09-29,ricciardo,Daniel Ricciardo,renault,Renault
2019,16,Russian Grand Prix,2019-09-29,grosjean,Romain Grosjean,haas,Haas F1 Team
2019,17,Japanese Grand Prix,2019-10-13,bottas,Valtteri Bottas,mercedes,Mercedes
2019,17,Japanese Grand Prix,2019-10-13,vettel,Sebastian Vettel,ferrari,Ferrari
2019,17,Japanese Grand Prix,2019-10-13,hamilton,Lewis Hamilton,mercedes,Mercedes
2019,17,Japanese Grand Prix,2019-10-13,albon,Alexander Albon,red_bull,Red Bull
2019,17,Japanese Grand Prix,2019-10-13,sainz,Carlos Sainz,mclaren,McLaren
2019,17,Japanese Grand Prix,2019-10-13,leclerc,Charles Leclerc,ferrari,Ferrari
2019,17,Japanese Grand Prix,2019-10-13,gasly,Pierre Gasly,toro_rosso,Toro Rosso
2019,17,Japanese Grand Prix,2019-10-13,perez,Sergio Pérez,racing_point,Racing Point
2019,17,Japanese Grand Prix,2019-10-13,stroll,Lance Stroll,racing_point,Racing Point
2019,17,Japanese Grand Prix,2019-10-13,kvyat,Daniil Kvyat,toro_rosso,Toro Rosso
2019,17,Japanese Grand Prix,2019-10-13,norris,Lando Norris,mclaren,McLaren
2019,17,Japanese Grand Prix,2019-10-13,raikkonen,Kimi Räikkönen,alfa,Alfa Romeo
2019,17,Japanese Grand Prix,2019-10-13,grosjean,Romain Grosjean,haas,Haas F1 Team
2019,17,Japanese Grand Prix,2019-10-13,giovinazzi,Antonio Giovinazzi,alfa,Alfa Romeo
2019,17,Japanese Grand Prix,2019-10-13,kevin_magnussen,Kevin Magnussen,haas,Haas F1 Team
2019,17,Japanese Grand Prix,2019-10-13,russell,George Russell,williams,Williams
2019,17,Japanese Grand Prix,2019-10-13,kubica,Robert Kubica,williams,Williams
2019,17,Japanese Grand Prix,2019-10-13,max_verstappen,Max Verstappen,red_bull,Red Bull
2019,17,Japanese Grand Prix,2019-10-13,ricciardo,Daniel Ricciardo,renault,Renault
2019,17,Japanese Grand Prix,2019-10-13,hulkenberg,Nico Hülkenberg,renault,Renault
2019,18,Mexican Grand Prix,2019-10-27,hamilton,Lewis Hamilton,mercedes,Mercedes
2019,18,Mexican Grand Prix,2019-10-27,vettel,Sebastian Vettel,ferrari,Ferrari
2019,18,Mexican Grand Prix,2019-10-27,bottas,Valtteri Bottas,mercedes,Mercedes
2019,18,Mexican Grand Prix,2019-10-27,leclerc,Charles Leclerc,ferrari,Ferrari
2019,18,Mexican Grand Prix,2019-10-27,albon,Alexander Albon,red_bull,Red Bull
2019,18,Mexican Grand Prix,2019-10-27,max_verstappen,Max Verstappen,red_bull,Red Bull
2019,18,Mexican Grand Prix,2019-10-27,perez,Sergio Pérez,racing_point,Racing Point
2019,18,Mexican Grand Prix,2019-10-27,ricciardo,Daniel Ricciardo,renault,Renault
2019,18,Mexican Grand Prix,2019-10-27,gasly,Pierre Gasly,toro_rosso,Toro Rosso
2019,18,Mexican Grand Prix,2019-10-27,hulkenberg,Nico Hülkenberg,renault,Renault
2019,18,Mexican Grand Prix,2019-10-27,kvyat,Daniil Kvyat,toro_rosso,Toro Rosso
2019,18,Mexican Grand Prix,2019-10-27,stroll,Lance Stroll,racing_point,Racing Point
2019,18,Mexican Grand Prix,2019-10-27,sainz,Carlos Sainz,mclaren,McLaren
2019,18,Mexican Grand Prix,2019-10-27,giovinazzi,Antonio Giovinazzi,alfa,Alfa Romeo
2019,18,Mexican Grand Prix,2019-10-27,kevin_magnussen,Kevin Magnussen,haas,Haas F1 Team
2019,18,Mexican Grand Prix,2019-10-27,russell,George Russell,williams,Williams
2019,18,Mexican Grand Prix,2019-10-27,grosjean,Romain Grosjean,haas,Haas F1 Team
2019,18,Mexican Grand Prix,2019-10-27,kubica,Robert Kubica,williams,Williams
2019,18,Mexican Grand Prix,2019-10-27,raikkonen,Kimi Räikkönen,alfa,Alfa Romeo
2019,18,Mexican Grand Prix,2019-10-27,norris,Lando Norris,mclaren,McLaren
2019,19,United States Grand Prix,2019-11-03,bottas,Valtteri Bottas,mercedes,Mercedes
2019,19,United States Grand Prix,2019-11-03,hamilton,Lewis Hamilton,mercedes,Mercedes
2019,19,United States Grand Prix,2019-11-03,max_verstappen,Max Verstappen,red_bull,Red Bull
2019,19,United States Grand Prix,2019-11-03,leclerc,Charles Leclerc,ferrari,Ferrari
2019,19,United States Grand Prix,2019-11-03,albon,Alexander Albon,red_bull,Red Bull
2019,19,United States Grand Prix,2019-11-03,ricciardo,Daniel Ricciardo,renault,Renault
2019,19,United States Grand Prix,2019-11-03,norris,Lando Norris,mclaren,McLaren
2019,19,United States Grand Prix,2019-11-03,sainz,Carlos Sainz,mclaren,McLaren
2019,19,United States Grand Prix,2019-11-03,hulkenberg,Nico Hülkenberg,renault,Renault
2019,19,United States Grand Prix,2019-11-03,perez,Sergio Pérez,racing_point,Racing Point
2019,19,United States Grand Prix,2019-11-03,raikkonen,Kimi Räikkönen,alfa,Alfa Romeo
2019,19,United States Grand Prix,2019-11-03,kvyat,Daniil Kvyat,toro_rosso,Toro Rosso
2019,19,United States Grand Prix,2019-11-03,stroll,Lance Stroll,racing_point,Racing Point
2019,19,United States Grand Prix,2019-11-03,giovinazzi,Antonio Giovinazzi,alfa,Alfa Romeo
2019,19,United States Grand Prix,2019-11-03,grosjean,Romain Grosjean,haas,Haas F1 Team
2019,19,United States Grand Prix,2019-11-03,gasly,Pierre Gasly,toro_rosso,Toro Rosso
2019,19,United States Grand Prix,2019-11-03,russell,George Russell,williams,Williams
2019,19,United States Grand Prix,2019-11-03,kevin_magnussen,Kevin Magnussen,haas,Haas F1 Team
2019,19,United States Grand Prix,2019-11-03,kubica,Robert Kubica,williams,Williams
2019,19,United States Grand Prix,2019-11-03,vettel,Sebastian Vettel,ferrari,Ferrari
2019,20,Brazilian Grand Prix,2019-11-17,max_verstappen,Max Verstappen,red_bull,Red Bull
2019,20,Brazilian Grand Prix,2019-11-17,gasly,Pierre Gasly,toro_rosso,Toro Rosso
2019,20,Brazilian Grand Prix,2019-11-17,sainz,Carlos Sainz,mclaren,McLaren
2019,20,Brazilian Grand Prix,2019-11-17,raikkonen,Kimi Räikkönen,alfa,Alfa Romeo
2019,20,Brazilian Grand Prix,2019-11-17,giovinazzi,Antonio Giovinazzi,alfa,Alfa Romeo
2019,20,Brazilian Grand Prix,2019-11-17,ricciardo,Daniel Ricciardo,renault,Renault
2019,20,Brazilian Grand Prix,2019-11-17,hamilton,Lewis Hamilton,mercedes,Mercedes
2019,20,Brazilian Grand Prix,2019-11-17,norris,Lando Norris,mclaren,McLaren
2019,20,Brazilian Grand Prix,2019-11-17,perez,Sergio Pérez,racing_point,Racing Point
2019,20,Brazilian Grand Prix,2019-11-17,kvyat,Daniil Kvyat,toro_rosso,Toro Rosso
2019,20,Brazilian Grand Prix,2019-11-17,kevin_magnussen,Kevin Magnussen,haas,Haas F1 Team
2019,20,Brazilian Grand Prix,2019-11-17,russell,George Russell,williams,Williams
2019,20,Brazilian Grand Prix,2019-11-17,grosjean,Romain Grosjean,haas,Haas F1 Team
2019,20,Brazilian Grand Prix,2019-11-17,albon,Alexander Albon,red_bull,Red Bull
2019,20,Brazilian Grand Prix,2019-11-17,hulkenberg,Nico Hülkenberg,renault,Renault
2019,20,Brazilian Grand Prix,2019-11-17,kubica,Robert Kubica,williams,Williams
2019,20,Brazilian Grand Prix,2019-11-17,vettel,Sebastian Vettel,ferrari,Ferrari
2019,20,Brazilian Grand Prix,2019-11-17,leclerc,Charles Leclerc,ferrari,Ferrari
2019,20,Brazilian Grand Prix,2019-11-17,stroll,Lance Stroll,racing_point,Racing Point
2019,20,Brazilian Grand Prix,2019-11-17,bottas,Valtteri Bottas,mercedes,Mercedes
2019,21,Abu Dhabi Grand Prix,2019-12-01,hamilton,Lewis Hamilton,mercedes,Mercedes
2019,21,Abu Dhabi Grand Prix,2019-12-01,max_verstappen,Max Verstappen,red_bull,Red Bull
2019,21,Abu Dhabi Grand Prix,2019-12-01,leclerc,Charles Leclerc,ferrari,Ferrari
2019,21,Abu Dhabi Grand Prix,2019-12-01,bottas,Valtteri Bottas,mercedes,Mercedes
2019,21,Abu Dhabi Grand Prix,2019-12-01,vettel,Sebastian Vettel,ferrari,Ferrari
2019,21,Abu Dhabi Grand Prix,2019-12-01,albon,Alexander Albon,red_bull,Red Bull
2019,21,Abu Dhabi Grand Prix,2019-12-01,perez,Sergio Pérez,racing_point,Racing Point
2019,21,Abu Dhabi Grand Prix,2019-12-01,norris,Lando Norris,mclaren,McLaren
2019,21,Abu Dhabi Grand Prix,2019-12-01,kvyat,Daniil Kvyat,toro_rosso,Toro Rosso
2019,21,Abu Dhabi Grand Prix,2019-12-01,sainz,Carlos Sainz,mclaren,McLaren
2019,21,Abu Dhabi Grand Prix,2019-12-01,ricciardo,Daniel Ricciardo,renault,Renault
2019,21,Abu Dhabi Grand Prix,2019-12-01,hulkenberg,Nico Hülkenberg,renault,Renault
2019,21,Abu Dhabi Grand Prix,2019-12-01,raikkonen,Kimi Räikkönen,alfa,Alfa Romeo
2019,21,Abu Dhabi Grand Prix,2019-12-01,kevin_magnussen,Kevin Magnussen,haas,Haas F1 Team
2019,21,Abu Dhabi Grand Prix,2019-12-01,grosjean,Romain Grosjean,haas,Haas F1 Team
2019,21,Abu Dhabi Grand Prix,2019-12-01,giovinazzi,Antonio Giovinazzi,alfa,Alfa Romeo
2019,21,Abu Dhabi Grand Prix,2019-12-01,russell,George Russell,williams,Williams
2019,21,Abu Dhabi Grand Prix,2019-12-01,gasly,Pierre Gasly,toro_rosso,Toro Rosso
2019,21,Abu Dhabi Grand Prix,2019-12-01,kubica,Robert Kubica,williams,Williams
2019,21,Abu Dhabi Grand Prix,2019-12-01,stroll,Lance Stroll,racing_point,Racing Point
2020,1,Austrian Grand Prix,2020-07-05,bottas,Valtteri Bottas,mercedes,Mercedes
2020,1,Austrian Grand Prix,2020-07-05,leclerc,Charles Leclerc,ferrari,Ferrari
2020,1,Austrian Grand Prix,2020-07-05,norris,Lando Norris,mclaren,McLaren
2020,1,Austrian Grand Prix,2020-07-05,hamilton,Lewis Hamilton,mercedes,Mercedes
2020,1,Austrian Grand Prix,2020-07-05,sainz,Carlos Sainz,mclaren,McLaren
2020,1,Austrian Grand Prix,2020-07-05,perez,Sergio Pérez,racing_point,Racing Point
2020,1,Austrian Grand Prix,2020-07-05,gasly,Pierre Gasly,alphatauri,AlphaTauri
2020,1,Austrian Grand Prix,2020-07-05,ocon,Esteban Ocon,renault,Renault
2020,1,Austrian Grand Prix,2020-07-05,giovinazzi,Antonio Giovinazzi,alfa,Alfa Romeo
2020,1,Austrian Grand Prix,2020-07-05,vettel,Sebastian Vettel,ferrari,Ferrari
2020,1,Austrian Grand Prix,2020-07-05,latifi,Nicholas Latifi,williams,Williams
2020,1,Austrian Grand Prix,2020-07-05,kvyat,Daniil Kvyat,alphatauri,AlphaTauri
2020,1,Austrian Grand Prix,2020-07-05,albon,Alexander Albon,red_bull,Red Bull
2020,1,Austrian Grand Prix,2020-07-05,raikkonen,Kimi Räikkönen,alfa,Alfa Romeo
2020,1,Austrian Grand Prix,2020-07-05,russell,George Russell,williams,Williams
2020,1,Austrian Grand Prix,2020-07-05,grosjean,Romain Grosjean,haas,Haas F1 Team
2020,1,Austrian Grand Prix,2020-07-05,kevin_magnussen,Kevin Magnussen,haas,Haas F1 Team
2020,1,Austrian Grand Prix,2020-07-05,stroll,Lance Stroll,racing_point,Racing Point
2020,1,Austrian Grand Prix,2020-07-05,ricciardo,Daniel Ricciardo,renault,Renault
2020,1,Austrian Grand Prix,2020-07-05,max_verstappen,Max Verstappen,red_bull,Red Bull
2020,2,Styrian Grand Prix,2020-07-12,hamilton,Lewis Hamilton,mercedes,Mercedes
2020,2,Styrian Grand Prix,2020-07-12,bottas,Valtteri Bottas,mercedes,Mercedes
2020,2,Styrian Grand Prix,2020-07-12,max_verstappen,Max Verstappen,red_bull,Red Bull
2020,2,Styrian Grand Prix,2020-07-12,albon,Alexander Albon,red_bull,Red Bull
2020,2,Styrian Grand Prix,2020-07-12,norris,Lando Norris,mclaren,McLaren
2020,2,Styrian Grand Prix,2020-07-12,perez,Sergio Pérez,racing_point,Racing Point
2020,2,Styrian Grand Prix,2020-07-12,stroll,Lance Stroll,racing_point,Racing Point
2020,2,Styrian Grand Prix,2020-07-12,ricciardo,Daniel Ricciardo,renault,Renault
2020,2,Styrian Grand Prix,2020-07-12,sainz,Carlos Sainz,mclaren,McLaren
2020,2,Styrian Grand Prix,2020-07-12,kvyat,Daniil Kvyat,alphatauri,AlphaTauri
2020,2,Styrian Grand Prix,2020-07-12,raikkonen,Kimi Räikkönen,alfa,Alfa Romeo
2020,2,Styrian Grand Prix,2020-07-12,kevin_magnussen,Kevin Magnussen,haas,Haas F1 Team
2020,2,Styrian Grand Prix,2020-07-12,grosjean,Romain Grosjean,haas,Haas F1 Team
2020,2,Styrian Grand Prix,2020-07-12,giovinazzi,Antonio Giovinazzi,alfa,Alfa Romeo
2020,2,Styrian Grand Prix,2020-07-12,gasly,Pierre Gasly,alphatauri,AlphaTauri
2020,2,Styrian Grand Prix,2020-07-12,russell,George Russell,williams,Williams
2020,2,Styrian Grand Prix,2020-07-12,latifi,Nicholas Latifi,williams,Williams
2020,2,Styrian Grand Prix,2020-07-12,ocon,Esteban Ocon,renault,Renault
2020,2,Styrian Grand Prix,2020-07-12,leclerc,Charles Leclerc,ferrari,Ferrari
2020,2,Styrian Grand Prix,2020-07-12,vettel,Sebastian Vettel,ferrari,Ferrari
2020,3,Hungarian Grand Prix,2020-07-19,hamilton,Lewis Hamilton,mercedes,Mercedes
2020,3,Hungarian Grand Prix,2020-07-19,max_verstappen,Max Verstappen,red_bull,Red Bull
2020,3,Hungarian Grand Prix,2020-07-19,bottas,Valtteri Bottas,mercedes,Mercedes
2020,3,Hungarian Grand Prix,2020-07-19,stroll,Lance Stroll,racing_point,Racing Point
2020,3,Hungarian Grand Prix,2020-07-19,albon,Alexander Albon,red_bull,Red Bull
2020,3,Hungarian Grand Prix,2020-07-19,vettel,Sebastian Vettel,ferrari,Ferrari
2020,3,Hungarian Grand Prix,2020-07-19,perez,Sergio Pérez,racing_point,Racing Point
2020,3,Hungarian Grand Prix,2020-07-19,ricciardo,Daniel Ricciardo,renault,Renault
2020,3,Hungarian Grand Prix,2020-07-19,sainz,Carlos Sainz,mclaren,McLaren
2020,3,Hungarian Grand Prix,2020-07-19,kevin_magnussen,Kevin Magnussen,haas,Haas F1 Team
2020,3,Hungarian Grand Prix,2020-07-19,leclerc,Charles Leclerc,ferrari,Ferrari
2020,3,Hungarian Grand Prix,2020-07-19,kvyat,Daniil Kvyat,alphatauri,AlphaTauri
2020,3,Hungarian Grand Prix,2020-07-19,norris,Lando Norris,mclaren,McLaren
2020,3,Hungarian Grand Prix,2020-07-19,ocon,Esteban Ocon,renault,Renault
2020,3,Hungarian Grand Prix,2020-07-19,raikkonen,Kimi Räikkönen,alfa,Alfa Romeo
2020,3,Hungarian Grand Prix,2020-07-19,grosjean,Romain Grosjean,haas,Haas F1 Team
2020,3,Hungarian Grand Prix,2020-07-19,giovinazzi,Antonio Giovinazzi,alfa,Alfa Romeo
2020,3,Hungarian Grand Prix,2020-07-19,russell,George Russell,williams,Williams
2020,3,Hungarian Grand Prix,2020-07-19,latifi,Nicholas Latifi,williams,Williams
2020,3,Hungarian Grand Prix,2020-07-19,gasly,Pierre Gasly,alphatauri,AlphaTauri
2020,4,British Grand Prix,2020-08-02,hamilton,Lewis Hamilton,mercedes,Mercedes
2020,4,British Grand Prix,2020-08-02,max_verstappen,Max Verstappen,red_bull,Red Bull
2020,4,British Grand Prix,2020-08-02,leclerc,Charles Leclerc,ferrari,Ferrari
2020,4,British Grand Prix,2020-08-02,ricciardo,Daniel Ricciardo,renault,Renault
2020,4,British Grand Prix,2020-08-02,norris,Lando Norris,mclaren,McLaren
2020,4,British Grand Prix,2020-08-02,ocon,Esteban Ocon,renault,Renault
2020,4,British Grand Prix,2020-08-02,gasly,Pierre Gasly,alphatauri,AlphaTauri
2020,4,British Grand Prix,2020-08-02,albon,Alexander Albon,red_bull,Red Bull
2020,4,British Grand Prix,2020-08-02,stroll,Lance Stroll,racing_point,Racing Point
2020,4,British Grand Prix,2020-08-02,vettel,Sebastian Vettel,ferrari,Ferrari
2020,4,British Grand Prix,2020-08-02,bottas,Valtteri Bottas,mercedes,Mercedes
2020,4,British Grand Prix,2020-08-02,russell,George Russell,williams,Williams
2020,4,British Grand Prix,2020-08-02,sainz,Carlos Sainz,mclaren,McLaren
2020,4,British Grand Prix,2020-08-02,giovinazzi,Antonio Giovinazzi,alfa,Alfa Romeo
2020,4,British Grand Prix,2020-08-02,latifi,Nicholas Latifi,williams,Williams
2020,4,British Grand Prix,2020-08-02,grosjean,Romain Grosjean,haas,Haas F1 Team
2020,4,British Grand Prix,2020-08-02,raikkonen,Kimi Räikkönen,alfa,Alfa Romeo
2020,4,British Grand Prix,2020-08-02,kvyat,Daniil Kvyat,alphatauri,AlphaTauri
2020,4,British Grand Prix,2020-08-02,kevin_magnussen,Kevin Magnussen,haas,Haas F1 Team
2020,4,British Grand Prix,2020-08-02,hulkenberg,Nico Hülkenberg,racing_point,Racing Point
2020,5,70th Anniversary Grand Prix,2020-08-09,max_verstappen,Max Verstappen,red_bull,Red Bull
2020,5,70th Anniversary Grand Prix,2020-08-09,hamilton,Lewis Hamilton,mercedes,Mercedes
2020,5,70th Anniversary Grand Prix,2020-08-09,bottas,Valtteri Bottas,mercedes,Mercedes
2020,5,70th Anniversary Grand Prix,2020-08-09,leclerc,Charles Leclerc,ferrari,Ferrari
2020,5,70th Anniversary Grand Prix,2020-08-09,albon,Alexander Albon,red_bull,Red Bull
2020,5,70th Anniversary Grand Prix,2020-08-09,stroll,Lance Stroll,racing_point,Racing Point
2020,5,70th Anniversary Grand Prix,2020-08-09,hulkenberg,Nico Hülkenberg,racing_point,Racing Point
2020,5,70th Anniversary Grand Prix,2020-08-09,ocon,Esteban Ocon,renault,Renault
2020,5,70th Anniversary Grand Prix,2020-08-09,norris,Lando Norris,mclaren,McLaren
2020,5,70th Anniversary Grand Prix,2020-08-09,kvyat,Daniil Kvyat,alphatauri,AlphaTauri
2020,5,70th Anniversary Grand Prix,2020-08-09,gasly,Pierre Gasly,alphatauri,AlphaTauri
2020,5,70th Anniversary Grand Prix,2020-08-09,vettel,Sebastian Vettel,ferrari,Ferrari
2020,5,70th Anniversary Grand Prix,2020-08-09,sainz,Carlos Sainz,mclaren,McLaren
2020,5,70th Anniversary Grand Prix,2020-08-09,ricciardo,Daniel Ricciardo,renault,Renault
2020,5,70th Anniversary Grand Prix,2020-08-09,raikkonen,Kimi Räikkönen,alfa,Alfa Romeo
2020,5,70th Anniversary Grand Prix,2020-08-09,grosjean,Romain Grosjean,haas,Haas F1 Team
2020,5,70th Anniversary Grand Prix,2020-08-09,giovinazzi,Antonio Giovinazzi,alfa,Alfa Romeo
2020,5,70th Anniversary Grand Prix,2020-08-09,russell,George Russell,williams,Williams
2020,5,70th Anniversary Grand Prix,2020-08-09,latifi,Nicholas Latifi,williams,Williams
2020,5,70th Anniversary Grand Prix,2020-08-09,kevin_magnussen,Kevin Magnussen,haas,Haas F1 Team
2020,6,Spanish Grand Prix,2020-08-16,hamilton,Lewis Hamilton,mercedes,Mercedes
2020,6,Spanish Grand Prix,2020-08-16,max_verstappen,Max Verstappen,red_bull,Red Bull
2020,6,Spanish Grand Prix,2020-08-16,bottas,Valtteri Bottas,mercedes,Mercedes
2020,6,Spanish Grand Prix,2020-08-16,stroll,Lance Stroll,racing_point,Racing Point
2020,6,Spanish Grand Prix,2020-08-16,perez,Sergio Pérez,racing_point,Racing Point
2020,6,Spanish Grand Prix,2020-08-16,sainz,Carlos Sainz,mclaren,McLaren
2020,6,Spanish Grand Prix,2020-08-16,vettel,Sebastian Vettel,ferrari,Ferrari
2020,6,Spanish Grand Prix,2020-08-16,albon,Alexander Albon,red_bull,Red Bull
2020,6,Spanish Grand Prix,2020-08-16,gasly,Pierre Gasly,alphatauri,AlphaTauri
2020,6,Spanish Grand Prix,2020-08-16,norris,Lando Norris,mclaren,McLaren
2020,6,Spanish Grand Prix,2020-08-16,ricciardo,Daniel Ricciardo,renault,Renault
2020,6,Spanish Grand Prix,2020-08-16,kvyat,Daniil Kvyat,alphatauri,AlphaTauri
2020,6,Spanish Grand Prix,2020-08-16,ocon,Esteban Ocon,renault,Renault
2020,6,Spanish Grand Prix,2020-08-16,raikkonen,Kimi Räikkönen,alfa,Alfa Romeo
2020,6,Spanish Grand Prix,2020-08-16,kevin_magnussen,Kevin Magnussen,haas,Haas F1 Team
2020,6,Spanish Grand Prix,2020-08-16,giovinazzi,Antonio Giovinazzi,alfa,Alfa Romeo
2020,6,Spanish Grand Prix,2020-08-16,russell,George Russell,williams,Williams
2020,6,Spanish Grand Prix,2020-08-16,latifi,Nicholas Latifi,williams,Williams
2020,6,Spanish Grand Prix,2020-08-16,grosjean,Romain Grosjean,haas,Haas F1 Team
2020,6,Spanish Grand Prix,2020-08-16,leclerc,Charles Leclerc,ferrari,Ferrari
2020,7,Belgian Grand Prix,2020-08-30,hamilton,Lewis Hamilton,mercedes,Mercedes
2020,7,Belgian Grand Prix,2020-08-30,bottas,Valtteri Bottas,mercedes,Mercedes
2020,7,Belgian Grand Prix,2020-08-30,max_verstappen,Max Verstappen,red_bull,Red Bull
2020,7,Belgian Grand Prix,2020-08-30,ricciardo,Daniel Ricciardo,renault,Renault
2020,7,Belgian Grand Prix,2020-08-30,ocon,Esteban Ocon,renault,Renault
2020,7,Belgian Grand Prix,2020-08-30,albon,Alexander Albon,red_bull,Red Bull
2020,7,Belgian Grand Prix,2020-08-30,norris,Lando Norris,mclaren,McLaren
2020,7,Belgian Grand Prix,2020-08-30,gasly,Pierre Gasly,alphatauri,AlphaTauri
2020,7,Belgian Grand Prix,2020-08-30,stroll,Lance Stroll,racing_point,Racing Point
2020,7,Belgian Grand Prix,2020-08-30,perez,Sergio Pérez,racing_point,Racing Point
2020,7,Belgian Grand Prix,2020-08-30,kvyat,Daniil Kvyat,alphatauri,AlphaTauri
2020,7,Belgian Grand Prix,2020-08-30,raikkonen,Kimi Räikkönen,alfa,Alfa Romeo
2020,7,Belgian Grand Prix,2020-08-30,vettel,Sebastian Vettel,ferrari,Ferrari
2020,7,Belgian Grand Prix,2020-08-30,leclerc,Charles Leclerc,ferrari,Ferrari
2020,7,Belgian Grand Prix,2020-08-30,grosjean,Romain Grosjean,haas,Haas F1 Team
2020,7,Belgian Grand Prix,2020-08-30,latifi,Nicholas Latifi,williams,Williams
2020,7,Belgian Grand Prix,2020-08-30,kevin_magnussen,Kevin Magnussen,haas,Haas F1 Team
2020,7,Belgian Grand Prix,2020-08-30,giovinazzi,Antonio Giovinazzi,alfa,Alfa Romeo
2020,7,Belgian Grand Prix,2020-08-30,russell,George Russell,williams,Williams
2020,7,Belgian Grand Prix,2020-08-30,sainz,Carlos Sainz,mclaren,McLaren
2020,8,Italian Grand Prix,2020-09-06,gasly,Pierre Gasly,alphatauri,AlphaTauri
2020,8,Italian Grand Prix,2020-09-06,sainz,Carlos Sainz,mclaren,McLaren
2020,8,Italian Grand Prix,2020-09-06,stroll,Lance Stroll,racing_point,Racing Point
2020,8,Italian Grand Prix,2020-09-06,norris,Lando Norris,mclaren,McLaren
2020,8,Italian Grand Prix,2020-09-06,bottas,Valtteri Bottas,mercedes,Mercedes
2020,8,Italian Grand Prix,2020-09-06,ricciardo,Daniel Ricciardo,renault,Renault
2020,8,Italian Grand Prix,2020-09-06,hamilton,Lewis Hamilton,mercedes,Mercedes
2020,8,Italian Grand Prix,2020-09-06,ocon,Esteban Ocon,renault,Renault
2020,8,Italian Grand Prix,2020-09-06,kvyat,Daniil Kvyat,alphatauri,AlphaTauri
2020,8,Italian Grand Prix,2020-09-06,perez,Sergio Pérez,racing_point,Racing Point
2020,8,Italian Grand Prix,2020-09-06,latifi,Nicholas Latifi,williams,Williams
2020,8,Italian Grand Prix,2020-09-06,grosjean,Romain Grosjean,haas,Haas F1 Team
2020,8,Italian Grand Prix,2020-09-06,raikkonen,Kimi Räikkönen,alfa,Alfa Romeo
2020,8,Italian Grand Prix,2020-09-06,russell,George Russell,williams,Williams
2020,8,Italian Grand Prix,2020-09-06,albon,Alexander Albon,red_bull,Red Bull
2020,8,Italian Grand Prix,2020-09-06,giovinazzi,Antonio Giovinazzi,alfa,Alfa Romeo
2020,8,Italian Grand Prix,2020-09-06,max_verstappen,Max Verstappen,red_bull,Red Bull
2020,8,Italian Grand Prix,2020-09-06,leclerc,Charles Leclerc,ferrari,Ferrari
2020,8,Italian Grand Prix,2020-09-06,kevin_magnussen,Kevin Magnussen,haas,Haas F1 Team
2020,8,Italian Grand Prix,2020-09-06,vettel,Sebastian Vettel,ferrari,Ferrari
2020,9,Tuscan Grand Prix,2020-09-13,hamilton,Lewis Hamilton,mercedes,Mercedes
2020,9,Tuscan Grand Prix,2020-09-13,bottas,Valtteri Bottas,mercedes,Mercedes
2020,9,Tuscan Grand Prix,2020-09-13,albon,Alexander Albon,red_bull,Red Bull
2020,9,Tuscan Grand Prix,2020-09-13,ricciardo,Daniel Ricciardo,renault,Renault
2020,9,Tuscan Grand Prix,2020-09-13,perez,Sergio Pérez,racing_point,Racing Point
2020,9,Tuscan Grand Prix,2020-09-13,norris,Lando Norris,mclaren,McLaren
2020,9,Tuscan Grand Prix,2020-09-13,kvyat,Daniil Kvyat,alphatauri,AlphaTauri
2020,9,Tuscan Grand Prix,2020-09-13,leclerc,Charles Leclerc,ferrari,Ferrari
2020,9,Tuscan Grand Prix,2020-09-13,raikkonen,Kimi Räikkönen,alfa,Alfa Romeo
2020,9,Tuscan Grand Prix,2020-09-13,vettel,Sebastian Vettel,ferrari,Ferrari
2020,9,Tuscan Grand Prix,2020-09-13,russell,George Russell,williams,Williams
2020,9,Tuscan Grand Prix,2020-09-13,grosjean,Romain Grosjean,haas,Haas F1 Team
2020,9,Tuscan Grand Prix,2020-09-13,stroll,Lance Stroll,racing_point,Racing Point
2020,9,Tuscan Grand Prix,2020-09-13,ocon,Esteban Ocon,renault,Renault
2020,9,Tuscan Grand Prix,2020-09-13,latifi,Nicholas Latifi,williams,Williams
2020,9,Tuscan Grand Prix,2020-09-13,kevin_magnussen,Kevin Magnussen,haas,Haas F1 Team
2020,9,Tuscan Grand Prix,2020-09-13,giovinazzi,Antonio Giovinazzi,alfa,Alfa Romeo
2020,9,Tuscan Grand Prix,2020-09-13,sainz,Carlos Sainz,mclaren,McLaren
2020,9,Tuscan Grand Prix,2020-09-13,max_verstappen,Max Verstappen,red_bull,Red Bull
2020,9,Tuscan Grand Prix,2020-09-13,gasly,Pierre Gasly,alphatauri,AlphaTauri
2020,10,Russian Grand Prix,2020-09-27,bottas,Valtteri Bottas,mercedes,Mercedes
2020,10,Russian Grand Prix,2020-09-27,max_verstappen,Max Verstappen,red_bull,Red Bull
2020,10,Russian Grand Prix,2020-09-27,hamilton,Lewis Hamilton,mercedes,Mercedes
2020,10,Russian Grand Prix,2020-09-27,perez,Sergio Pérez,racing_point,Racing Point
2020,10,Russian Grand Prix,2020-09-27,ricciardo,Daniel Ricciardo,renault,Renault
2020,10,Russian Grand Prix,2020-09-27,leclerc,Charles Leclerc,ferrari,Ferrari
2020,10,Russian Grand Prix,2020-09-27,ocon,Esteban Ocon,renault,Renault
2020,10,Russian Grand Prix,2020-09-27,kvyat,Daniil Kvyat,alphatauri,AlphaTauri
2020,10,Russian Grand Prix,2020-09-27,gasly,Pierre Gasly,alphatauri,AlphaTauri
2020,10,Russian Grand Prix,2020-09-27,albon,Alexander Albon,red_bull,Red Bull
2020,10,Russian Grand Prix,2020-09-27,giovinazzi,Antonio Giovinazzi,alfa,Alfa Romeo
2020,10,Russian Grand Prix,2020-09-27,kevin_magnussen,Kevin Magnussen,haas,Haas F1 Team
2020,10,Russian Grand Prix,2020-09-27,vettel,Sebastian Vettel,ferrari,Ferrari
2020,10,Russian Grand Prix,2020-09-27,raikkonen,Kimi Räikkönen,alfa,Alfa Romeo
2020,10,Russian Grand Prix,2020-09-27,norris,Lando Norris,mclaren,McLaren
2020,10,Russian Grand Prix,2020-09-27,latifi,Nicholas Latifi,williams,Williams
2020,10,Russian Grand Prix,2020-09-27,grosjean,Romain Grosjean,haas,Haas F1 Team
2020,10,Russian Grand Prix,2020-09-27,russell,George Russell,williams,Williams
2020,10,Russian Grand Prix,2020-09-27,sainz,Carlos Sainz,mclaren,McLaren
2020,10,Russian Grand Prix,2020-09-27,stroll,Lance Stroll,racing_point,Racing Point
2020,11,Eifel Grand Prix,2020-10-11,hamilton,Lewis Hamilton,mercedes,Mercedes
2020,11,Eifel Grand Prix,2020-10-11,max_verstappen,Max Verstappen,red_bull,Red Bull
2020,11,Eifel Grand Prix,2020-10-11,ricciardo,Daniel Ricciardo,renault,Renault
2020,11,Eifel Grand Prix,2020-10-11,perez,Sergio Pérez,racing_point,Racing Point
2020,11,Eifel Grand Prix,2020-10-11,sainz,Carlos Sainz,mclaren,McLaren
2020,11,Eifel Grand Prix,2020-10-11,gasly,Pierre Gasly,alphatauri,AlphaTauri
2020,11,Eifel Grand Prix,2020-10-11,leclerc,Charles Leclerc,ferrari,Ferrari
2020,11,Eifel Grand Prix,2020-10-11,hulkenberg,Nico Hülkenberg,racing_point,Racing Point
2020,11,Eifel Grand Prix,2020-10-11,grosjean,Romain Grosjean,haas,Haas F1 Team
2020,11,Eifel Grand Prix,2020-10-11,giovinazzi,Antonio Giovinazzi,alfa,Alfa Romeo
2020,11,Eifel Grand Prix,2020-10-11,vettel,Sebastian Vettel,ferrari,Ferrari
2020,11,Eifel Grand Prix,2020-10-11,raikkonen,Kimi Räikkönen,alfa,Alfa Romeo
2020,11,Eifel Grand Prix,2020-10-11,kevin_magnussen,Kevin Magnussen,haas,Haas F1 Team
2020,11,Eifel Grand Prix,2020-10-11,latifi,Nicholas Latifi,williams,Williams
2020,11,Eifel Grand Prix,2020-10-11,kvyat,Daniil Kvyat,alphatauri,AlphaTauri
2020,11,Eifel Grand Prix,2020-10-11,norris,Lando Norris,mclaren,McLaren
2020,11,Eifel Grand Prix,2020-10-11,albon,Alexander Albon,red_bull,Red Bull
2020,11,Eifel Grand Prix,2020-10-11,ocon,Esteban Ocon,renault,Renault
2020,11,Eifel Grand Prix,2020-10-11,bottas,Valtteri Bottas,mercedes,Mercedes
2020,11,Eifel Grand Prix,2020-10-11,russell,George Russell,williams,Williams
2020,12,Portuguese Grand Prix,2020-10-25,hamilton,Lewis Hamilton,mercedes,Mercedes
2020,12,Portuguese Grand Prix,2020-10-25,bottas,Valtteri Bottas,mercedes,Mercedes
2020,12,Portuguese Grand Prix,2020-10-25,max_verstappen,Max Verstappen,red_bull,Red Bull
2020,12,Portuguese Grand Prix,2020-10-25,leclerc,Charles Leclerc,ferrari,Ferrari
2020,12,Portuguese Grand Prix,2020-10-25,gasly,Pierre Gasly,alphatauri,AlphaTauri
2020,12,Portuguese Grand Prix,2020-10-25,sainz,Carlos Sainz,mclaren,McLaren
2020,12,Portuguese Grand Prix,2020-10-25,perez,Sergio Pérez,racing_point,Racing Point
2020,12,Portuguese Grand Prix,2020-10-25,ocon,Esteban Ocon,renault,Renault
2020,12,Portuguese Grand Prix,2020-10-25,ricciardo,Daniel Ricciardo,renault,Renault
2020,12,Portuguese Grand Prix,2020-10-25,vettel,Sebastian Vettel,ferrari,Ferrari
2020,12,Portuguese Grand Prix,2020-10-25,raikkonen,Kimi Räikkönen,alfa,Alfa Romeo
2020,12,Portuguese Grand Prix,2020-10-25,albon,Alexander Albon,red_bull,Red Bull
2020,12,Portuguese Grand Prix,2020-10-25,norris,Lando Norris,mclaren,McLaren
2020,12,Portuguese Grand Prix,2020-10-25,russell,George Russell,williams,Williams
2020,12,Portuguese Grand Prix,2020-10-25,giovinazzi,Antonio Giovinazzi,alfa,Alfa Romeo
2020,12,Portuguese Grand Prix,2020-10-25,kevin_magnussen,Kevin Magnussen,haas,Haas F1 Team
2020,12,Portuguese Grand Prix,2020-10-25,grosjean,Romain Grosjean,haas,Haas F1 Team
2020,12,Portuguese Grand Prix,2020-10-25,latifi,Nicholas Latifi,williams,Williams
2020,12,Portuguese Grand Prix,2020-10-25,kvyat,Daniil Kvyat,alphatauri,AlphaTauri
2020,12,Portuguese Grand Prix,2020-10-25,stroll,Lance Stroll,racing_point,Racing Point
2020,13,Emilia Romagna Grand Prix,2020-11-01,hamilton,Lewis Hamilton,mercedes,Mercedes
2020,13,Emilia Romagna Grand Prix,2020-11-01,bottas,Valtteri Bottas,mercedes,Mercedes
2020,13,Emilia Romagna Grand Prix,2020-11-01,ricciardo,Daniel Ricciardo,renault,Renault
2020,13,Emilia Romagna Grand Prix,2020-11-01,kvyat,Daniil Kvyat,alphatauri,AlphaTauri
2020,13,Emilia Romagna Grand Prix,2020-11-01,leclerc,Charles Leclerc,ferrari,Ferrari
2020,13,Emilia Romagna Grand Prix,2020-11-01,perez,Sergio Pérez,racing_point,Racing Point
2020,13,Emilia Romagna Grand Prix,2020-11-01,sainz,Carlos Sainz,mclaren,McLaren
2020,13,Emilia Romagna Grand Prix,2020-11-01,norris,Lando Norris,mclaren,McLaren
2020,13,Emilia Romagna Grand Prix,2020-11-01,raikkonen,Kimi Räikkönen,alfa,Alfa Romeo
2020,13,Emilia Romagna Grand Prix,2020-11-01,giovinazzi,Antonio Giovinazzi,alfa,Alfa Romeo
2020,13,Emilia Romagna Grand Prix,2020-11-01,latifi,Nicholas Latifi,williams,Williams
2020,13,Emilia Romagna Grand Prix,2020-11-01,vettel,Sebastian Vettel,ferrari,Ferrari
2020,13,Emilia Romagna Grand Prix,2020-11-01,stroll,Lance Stroll,racing_point,Racing Point
2020,13,Emilia Romagna Grand Prix,2020-11-01,grosjean,Romain Grosjean,haas,Haas F1 Team
2020,13,Emilia Romagna Grand Prix,2020-11-01,albon,Alexander Albon,red_bull,Red Bull
2020,13,Emilia Romagna Grand Prix,2020-11-01,russell,George Russell,williams,Williams
2020,13,Emilia Romagna Grand Prix,2020-11-01,max_verstappen,Max Verstappen,red_bull,Red Bull
2020,13,Emilia Romagna Grand Prix,2020-11-01,kevin_magnussen,Kevin Magnussen,haas,Haas F1 Team
2020,13,Emilia Romagna Grand Prix,2020-11-01,ocon,Esteban Ocon,renault,Renault
2020,13,Emilia Romagna Grand Prix,2020-11-01,gasly,Pierre Gasly,alphatauri,AlphaTauri
2020,14,Turkish Grand Prix,2020-11-15,hamilton,Lewis Hamilton,mercedes,Mercedes
2020,14,Turkish Grand Prix,2020-11-15,perez,Sergio Pérez,racing_point,Racing Point
2020,14,Turkish Grand Prix,2020-11-15,vettel,Sebastian Vettel,ferrari,Ferrari
2020,14,Turkish Grand Prix,2020-11-15,leclerc,Charles Leclerc,ferrari,Ferrari
2020,14,Turkish Grand Prix,2020-11-15,sainz,Carlos Sainz,mclaren,McLaren
2020,14,Turkish Grand Prix,2020-11-15,max_verstappen,Max Verstappen,red_bull,Red Bull
2020,14,Turkish Grand Prix,2020-11-15,albon,Alexander Albon,red_bull,Red Bull
2020,14,Turkish Grand Prix,2020-11-15,norris,Lando Norris,mclaren,McLaren
2020,14,Turkish Grand Prix,2020-11-15,stroll,Lance Stroll,racing_point,Racing Point
2020,14,Turkish Grand Prix,2020-11-15,ricciardo,Daniel Ricciardo,renault,Renault
2020,14,Turkish Grand Prix,2020-11-15,ocon,Esteban Ocon,renault,Renault
2020,14,Turkish Grand Prix,2020-11-15,kvyat,Daniil Kvyat,alphatauri,AlphaTauri
2020,14,Turkish Grand Prix,2020-11-15,gasly,Pierre Gasly,alphatauri,AlphaTauri
2020,14,Turkish Grand Prix,2020-11-15,bottas,Valtteri Bottas,mercedes,Mercedes
2020,14,Turkish Grand Prix,2020-11-15,raikkonen,Kimi Räikkönen,alfa,Alfa Romeo
2020,14,Turkish Grand Prix,2020-11-15,russell,George Russell,williams,Williams
2020,14,Turkish Grand Prix,2020-11-15,kevin_magnussen,Kevin Magnussen,haas,Haas F1 Team
2020,14,Turkish Grand Prix,2020-11-15,grosjean,Romain Grosjean,haas,Haas F1 Team
2020,14,Turkish Grand Prix,2020-11-15,latifi,Nicholas Latifi,williams,Williams
2020,14,Turkish Grand Prix,2020-11-15,giovinazzi,Antonio Giovinazzi,alfa,Alfa Romeo
2020,15,Bahrain Grand Prix,2020-11-29,hamilton,Lewis Hamilton,mercedes,Mercedes
2020,15,Bahrain Grand Prix,2020-11-29,max_verstappen,Max Verstappen,red_bull,Red Bull
2020,15,Bahrain Grand Prix,2020-11-29,albon,Alexander Albon,red_bull,Red Bull
2020,15,Bahrain Grand Prix,2020-11-29,norris,Lando Norris,mclaren,McLaren
2020,15,Bahrain Grand Prix,2020-11-29,sainz,Carlos Sainz,mclaren,McLaren
2020,15,Bahrain Grand Prix,2020-11-29,gasly,Pierre Gasly,alphatauri,AlphaTauri
2020,15,Bahrain Grand Prix,2020-11-29,ricciardo,Daniel Ricciardo,renault,Renault
2020,15,Bahrain Grand Prix,2020-11-29,bottas,Valtteri Bottas,mercedes,Mercedes
2020,15,Bahrain Grand Prix,2020-11-29,ocon,Esteban Ocon,renault,Renault
2020,15,Bahrain Grand Prix,2020-11-29,leclerc,Charles Leclerc,ferrari,Ferrari
2020,15,Bahrain Grand Prix,2020-11-29,kvyat,Daniil Kvyat,alphatauri,AlphaTauri
2020,15,Bahrain Grand Prix,2020-11-29,russell,George Russell,williams,Williams
2020,15,Bahrain Grand Prix,2020-11-29,vettel,Sebastian Vettel,ferrari,Ferrari
2020,15,Bahrain Grand Prix,2020-11-29,latifi,Nicholas Latifi,williams,Williams
2020,15,Bahrain Grand Prix,2020-11-29,raikkonen,Kimi Räikkönen,alfa,Alfa Romeo
2020,15,Bahrain Grand Prix,2020-11-29,giovinazzi,Antonio Giovinazzi,alfa,Alfa Romeo
2020,15,Bahrain Grand Prix,2020-11-29,kevin_magnussen,Kevin Magnussen,haas,Haas F1 Team
2020,15,Bahrain Grand Prix,2020-11-29,perez,Sergio Pérez,racing_point,Racing Point
2020,15,Bahrain Grand Prix,2020-11-29,stroll,Lance Stroll,racing_point,Racing Point
2020,15,Bahrain Grand Prix,2020-11-29,grosjean,Romain Grosjean,haas,Haas F1 Team
2020,16,Sakhir Grand Prix,2020-12-06,perez,Sergio Pérez,racing_point,Racing Point
2020,16,Sakhir Grand Prix,2020-12-06,ocon,Esteban Ocon,renault,Renault
2020,16,Sakhir Grand Prix,2020-12-06,stroll,Lance Stroll,racing_point,Racing Point
2020,16,Sakhir Grand Prix,2020-12-06,sainz,Carlos Sainz,mclaren,McLaren
2020,16,Sakhir Grand Prix,2020-12-06,ricciardo,Daniel Ricciardo,renault,Renault
2020,16,Sakhir Grand Prix,2020-12-06,albon,Alexander Albon,red_bull,Red Bull
2020,16,Sakhir Grand Prix,2020-12-06,kvyat,Daniil Kvyat,alphatauri,AlphaTauri
2020,16,Sakhir Grand Prix,2020-12-06,bottas,Valtteri Bottas,mercedes,Mercedes
2020,16,Sakhir Grand Prix,2020-12-06,russell,George Russell,mercedes,Mercedes
2020,16,Sakhir Grand Prix,2020-12-06,norris,Lando Norris,mclaren,McLaren
2020,16,Sakhir Grand Prix,2020-12-06,gasly,Pierre Gasly,alphatauri,AlphaTauri
2020,16,Sakhir Grand Prix,2020-12-06,vettel,Sebastian Vettel,ferrari,Ferrari
2020,16,Sakhir Grand Prix,2020-12-06,giovinazzi,Antonio Giovinazzi,alfa,Alfa Romeo
2020,16,Sakhir Grand Prix,2020-12-06,raikkonen,Kimi Räikkönen,alfa,Alfa Romeo
2020,16,Sakhir Grand Prix,2020-12-06,kevin_magnussen,Kevin Magnussen,haas,Haas F1 Team
2020,16,Sakhir Grand Prix,2020-12-06,aitken,Jack Aitken,williams,Williams
2020,16,Sakhir Grand Prix,2020-12-06,pietro_fittipaldi,Pietro Fittipaldi,haas,Haas F1 Team
2020,16,Sakhir Grand Prix,2020-12-06,latifi,Nicholas Latifi,williams,Williams
2020,16,Sakhir Grand Prix,2020-12-06,max_verstappen,Max Verstappen,red_bull,Red Bull
2020,16,Sakhir Grand Prix,2020-12-06,leclerc,Charles Leclerc,ferrari,Ferrari
2020,17,Abu Dhabi Grand Prix,2020-12-13,max_verstappen,Max Verstappen,red_bull,Red Bull
2020,17,Abu Dhabi Grand Prix,2020-12-13,bottas,Valtteri Bottas,mercedes,Mercedes
2020,17,Abu Dhabi Grand Prix,2020-12-13,hamilton,Lewis Hamilton,mercedes,Mercedes
2020,17,Abu Dhabi Grand Prix,2020-12-13,albon,Alexander Albon,red_bull,Red Bull
2020,17,Abu Dhabi Grand Prix,2020-12-13,norris,Lando Norris,mclaren,McLaren
2020,17,Abu Dhabi Grand Prix,2020-12-13,sainz,Carlos Sainz,mclaren,McLaren
2020,17,Abu Dhabi Grand Prix,2020-12-13,ricciardo,Daniel Ricciardo,renault,Renault
2020,17,Abu Dhabi Grand Prix,2020-12-13,gasly,Pierre Gasly,alphatauri,AlphaTauri
2020,17,Abu Dhabi Grand Prix,2020-12-13,ocon,Esteban Ocon,renault,Renault
2020,17,Abu Dhabi Grand Prix,2020-12-13,stroll,Lance Stroll,racing_point,Racing Point
2020,17,Abu Dhabi Grand Prix,2020-12-13,kvyat,Daniil Kvyat,alphatauri,AlphaTauri
2020,17,Abu Dhabi Grand Prix,2020-12-13,raikkonen,Kimi Räikkönen,alfa,Alfa Romeo
2020,17,Abu Dhabi Grand Prix,2020-12-13,leclerc,Charles Leclerc,ferrari,Ferrari
2020,17,Abu Dhabi Grand Prix,2020-12-13,vettel,Sebastian Vettel,ferrari,Ferrari
2020,17,Abu Dhabi Grand Prix,2020-12-13,russell,George Russell,williams,Williams
2020,17,Abu Dhabi Grand Prix,2020-12-13,giovinazzi,Antonio Giovinazzi,alfa,Alfa Romeo
2020,17,Abu Dhabi Grand Prix,2020-12-13,latifi,Nicholas Latifi,williams,Williams
2020,17,Abu Dhabi Grand Prix,2020-12-13,kevin_magnussen,Kevin Magnussen,haas,Haas F1 Team
2020,17,Abu Dhabi Grand Prix,2020-12-13,pietro_fittipaldi,Pietro Fittipaldi,haas,Haas F1 Team
2020,17,Abu Dhabi Grand Prix,2020-12-13,perez,Sergio Pérez,racing_point,Racing Point
2021,1,Bahrain Grand Prix,2021-03-28,hamilton,Lewis Hamilton,mercedes,Mercedes
2021,1,Bahrain Grand Prix,2021-03-28,max_verstappen,Max Verstappen,red_bull,Red Bull
2021,1,Bahrain Grand Prix,2021-03-28,bottas,Valtteri Bottas,mercedes,Mercedes
2021,1,Bahrain Grand Prix,2021-03-28,norris,Lando Norris,mclaren,McLaren
2021,1,Bahrain Grand Prix,2021-03-28,perez,Sergio Pérez,red_bull,Red Bull
2021,1,Bahrain Grand Prix,2021-03-28,leclerc,Charles Leclerc,ferrari,Ferrari
2021,1,Bahrain Grand Prix,2021-03-28,ricciardo,Daniel Ricciardo,mclaren,McLaren
2021,1,Bahrain Grand Prix,2021-03-28,sainz,Carlos Sainz,ferrari,Ferrari
2021,1,Bahrain Grand Prix,2021-03-28,tsunoda,Yuki Tsunoda,alphatauri,AlphaTauri
2021,1,Bahrain Grand Prix,2021-03-28,stroll,Lance Stroll,aston_martin,Aston Martin
2021,1,Bahrain Grand Prix,2021-03-28,raikkonen,Kimi Räikkönen,alfa,Alfa Romeo
2021,1,Bahrain Grand Prix,2021-03-28,giovinazzi,Antonio Giovinazzi,alfa,Alfa Romeo
2021,1,Bahrain Grand Prix,2021-03-28,ocon,Esteban Ocon,alpine,Alpine F1 Team
2021,1,Bahrain Grand Prix,2021-03-28,russell,George Russell,williams,Williams
2021,1,Bahrain Grand Prix,2021-03-28,vettel,Sebastian Vettel,aston_martin,Aston Martin
2021,1,Bahrain Grand Prix,2021-03-28,mick_schumacher,Mick Schumacher,haas,Haas F1 Team
2021,1,Bahrain Grand Prix,2021-03-28,gasly,Pierre Gasly,alphatauri,AlphaTauri
2021,1,Bahrain Grand Prix,2021-03-28,latifi,Nicholas Latifi,williams,Williams
2021,1,Bahrain Grand Prix,2021-03-28,alonso,Fernando Alonso,alpine,Alpine F1 Team
2021,1,Bahrain Grand Prix,2021-03-28,mazepin,Nikita Mazepin,haas,Haas F1 Team
2021,2,Emilia Romagna Grand Prix,2021-04-18,max_verstappen,Max Verstappen,red_bull,Red Bull
2021,2,Emilia Romagna Grand Prix,2021-04-18,hamilton,Lewis Hamilton,mercedes,Mercedes
2021,2,Emilia Romagna Grand Prix,2021-04-18,norris,Lando Norris,mclaren,McLaren
2021,2,Emilia Romagna Grand Prix,2021-04-18,leclerc,Charles Leclerc,ferrari,Ferrari
2021,2,Emilia Romagna Grand Prix,2021-04-18,sainz,Carlos Sainz,ferrari,Ferrari
2021,2,Emilia Romagna Grand Prix,2021-04-18,ricciardo,Daniel Ricciardo,mclaren,McLaren
2021,2,Emilia Romagna Grand Prix,2021-04-18,gasly,Pierre Gasly,alphatauri,AlphaTauri
2021,2,Emilia Romagna Grand Prix,2021-04-18,stroll,Lance Stroll,aston_martin,Aston Martin
2021,2,Emilia Romagna Grand Prix,2021-04-18,ocon,Esteban Ocon,alpine,Alpine F1 Team
2021,2,Emilia Romagna Grand Prix,2021-04-18,alonso,Fernando Alonso,alpine,Alpine F1 Team
2021,2,Emilia Romagna Grand Prix,2021-04-18,perez,Sergio Pérez,red_bull,Red Bull
2021,2,Emilia Romagna Grand Prix,2021-04-18,tsunoda,Yuki Tsunoda,alphatauri,AlphaTauri
2021,2,Emilia Romagna Grand Prix,2021-04-18,raikkonen,Kimi Räikkönen,alfa,Alfa Romeo
2021,2,Emilia Romagna Grand Prix,2021-04-18,giovinazzi,Antonio Giovinazzi,alfa,Alfa Romeo
2021,2,Emilia Romagna Grand Prix,2021-04-18,vettel,Sebastian Vettel,aston_martin,Aston Martin
2021,2,Emilia Romagna Grand Prix,2021-04-18,mick_schumacher,Mick Schumacher,haas,Haas F1 Team
2021,2,Emilia Romagna Grand Prix,2021-04-18,mazepin,Nikita Mazepin,haas,Haas F1 Team
2021,2,Emilia Romagna Grand Prix,2021-04-18,bottas,Valtteri Bottas,mercedes,Mercedes
2021,2,Emilia Romagna Grand Prix,2021-04-18,russell,George Russell,williams,Williams
2021,2,Emilia Romagna Grand Prix,2021-04-18,latifi,Nicholas Latifi,williams,Williams
2021,3,Portuguese Grand Prix,2021-05-02,hamilton,Lewis Hamilton,mercedes,Mercedes
2021,3,Portuguese Grand Prix,2021-05-02,max_verstappen,Max Verstappen,red_bull,Red Bull
2021,3,Portuguese Grand Prix,2021-05-02,bottas,Valtteri Bottas,mercedes,Mercedes
2021,3,Portuguese Grand Prix,2021-05-02,perez,Sergio Pérez,red_bull,Red Bull
2021,3,Portuguese Grand Prix,2021-05-02,norris,Lando Norris,mclaren,McLaren
2021,3,Portuguese Grand Prix,2021-05-02,leclerc,Charles Leclerc,ferrari,Ferrari
2021,3,Portuguese Grand Prix,2021-05-02,ocon,Esteban Ocon,alpine,Alpine F1 Team
2021,3,Portuguese Grand Prix,2021-05-02,alonso,Fernando Alonso,alpine,Alpine F1 Team
2021,3,Portuguese Grand Prix,2021-05-02,ricciardo,Daniel Ricciardo,mclaren,McLaren
2021,3,Portuguese Grand Prix,2021-05-02,gasly,Pierre Gasly,alphatauri,AlphaTauri
2021,3,Portuguese Grand Prix,2021-05-02,sainz,Carlos Sainz,ferrari,Ferrari
2021,3,Portuguese Grand Prix,2021-05-02,giovinazzi,Antonio Giovinazzi,alfa,Alfa Romeo
2021,3,Portuguese Grand Prix,2021-05-02,vettel,Sebastian Vettel,aston_martin,Aston Martin
2021,3,Portuguese Grand Prix,2021-05-02,stroll,Lance Stroll,aston_martin,Aston Martin
2021,3,Portuguese Grand Prix,2021-05-02,tsunoda,Yuki Tsunoda,alphatauri,AlphaTauri
2021,3,Portuguese Grand Prix,2021-05-02,russell,George Russell,williams,Williams
2021,3,Portuguese Grand Prix,2021-05-02,mick_schumacher,Mick Schumacher,haas,Haas F1 Team
2021,3,Portuguese Grand Prix,2021-05-02,latifi,Nicholas Latifi,williams,Williams
2021,3,Portuguese Grand Prix,2021-05-02,mazepin,Nikita Mazepin,haas,Haas F1 Team
2021,3,Portuguese Grand Prix,2021-05-02,raikkonen,Kimi Räikkönen,alfa,Alfa Romeo
2021,4,Spanish Grand Prix,2021-05-09,hamilton,Lewis Hamilton,mercedes,Mercedes
2021,4,Spanish Grand Prix,2021-05-09,max_verstappen,Max Verstappen,red_bull,Red Bull
2021,4,Spanish Grand Prix,2021-05-09,bottas,Valtteri Bottas,mercedes,Mercedes
2021,4,Spanish Grand Prix,2021-05-09,leclerc,Charles Leclerc,ferrari,Ferrari
2021,4,Spanish Grand Prix,2021-05-09,perez,Sergio Pérez,red_bull,Red Bull
2021,4,Spanish Grand Prix,2021-05-09,ricciardo,Daniel Ricciardo,mclaren,McLaren
2021,4,Spanish Grand Prix,2021-05-09,sainz,Carlos Sainz,ferrari,Ferrari
2021,4,Spanish Grand Prix,2021-05-09,norris,Lando Norris,mclaren,McLaren
2021,4,Spanish Grand Prix,2021-05-09,ocon,Esteban Ocon,alpine,Alpine F1 Team
2021,4,Spanish Grand Prix,2021-05-09,gasly,Pierre Gasly,alphatauri,AlphaTauri
2021,4,Spanish Grand Prix,2021-05-09,stroll,Lance Stroll,aston_martin,Aston Martin
2021,4,Spanish Grand Prix,2021-05-09,raikkonen,Kimi Räikkönen,alfa,Alfa Romeo
2021,4,Spanish Grand Prix,2021-05-09,vettel,Sebastian Vettel,aston_martin,Aston Martin
2021,4,Spanish Grand Prix,2021-05-09,russell,George Russell,williams,Williams
2021,4,Spanish Grand Prix,2021-05-09,giovinazzi,Antonio Giovinazzi,alfa,Alfa Romeo
2021,4,Spanish Grand Prix,2021-05-09,latifi,Nicholas Latifi,williams,Williams
2021,4,Spanish Grand Prix,2021-05-09,alonso,Fernando Alonso,alpine,Alpine F1 Team
2021,4,Spanish Grand Prix,2021-05-09,mick_schumacher,Mick Schumacher,haas,Haas F1 Team
2021,4,Spanish Grand Prix,2021-05-09,mazepin,Nikita Mazepin,haas,Haas F1 Team
2021,4,Spanish Grand Prix,2021-05-09,tsunoda,Yuki Tsunoda,alphatauri,AlphaTauri
2021,5,Monaco Grand Prix,2021-05-23,max_verstappen,Max Verstappen,red_bull,Red Bull
2021,5,Monaco Grand Prix,2021-05-23,sainz,Carlos Sainz,ferrari,Ferrari
2021,5,Monaco Grand Prix,2021-05-23,norris,Lando Norris,mclaren,McLaren
2021,5,Monaco Grand Prix,2021-05-23,perez,Sergio Pérez,red_bull,Red Bull
2021,5,Monaco Grand Prix,2021-05-23,vettel,Sebastian Vettel,aston_martin,Aston Martin
2021,5,Monaco Grand Prix,2021-05-23,gasly,Pierre Gasly,alphatauri,AlphaTauri
2021,5,Monaco Grand Prix,2021-05-23,hamilton,Lewis Hamilton,mercedes,Mercedes
2021,5,Monaco Grand Prix,2021-05-23,stroll,Lance Stroll,aston_martin,Aston Martin
2021,5,Monaco Grand Prix,2021-05-23,ocon,Esteban Ocon,alpine,Alpine F1 Team
2021,5,Monaco Grand Prix,2021-05-23,giovinazzi,Antonio Giovinazzi,alfa,Alfa Romeo
2021,5,Monaco Grand Prix,2021-05-23,raikkonen,Kimi Räikkönen,alfa,Alfa Romeo
2021,5,Monaco Grand Prix,2021-05-23,ricciardo,Daniel Ricciardo,mclaren,McLaren
2021,5,Monaco Grand Prix,2021-05-23,alonso,Fernando Alonso,alpine,Alpine F1 Team
2021,5,Monaco Grand Prix,2021-05-23,russell,George Russell,williams,Williams
2021,5,Monaco Grand Prix,2021-05-23,latifi,Nicholas Latifi,williams,Williams
2021,5,Monaco Grand Prix,2021-05-23,tsunoda,Yuki Tsunoda,alphatauri,AlphaTauri
2021,5,Monaco Grand Prix,2021-05-23,mazepin,Nikita Mazepin,haas,Haas F1 Team
2021,5,Monaco Grand Prix,2021-05-23,mick_schumacher,Mick Schumacher,haas,Haas F1 Team
2021,5,Monaco Grand Prix,2021-05-23,bottas,Valtteri Bottas,mercedes,Mercedes
2021,5,Monaco Grand Prix,2021-05-23,leclerc,Charles Leclerc,ferrari,Ferrari
2021,6,Azerbaijan Grand Prix,2021-06-06,perez,Sergio Pérez,red_bull,Red Bull
2021,6,Azerbaijan Grand Prix,2021-06-06,vettel,Sebastian Vettel,aston_martin,Aston Martin
2021,6,Azerbaijan Grand Prix,2021-06-06,gasly,Pierre Gasly,alphatauri,AlphaTauri
2021,6,Azerbaijan Grand Prix,2021-06-06,leclerc,Charles Leclerc,ferrari,Ferrari
2021,6,Azerbaijan Grand Prix,2021-06-06,norris,Lando Norris,mclaren,McLaren
2021,6,Azerbaijan Grand Prix,2021-06-06,alonso,Fernando Alonso,alpine,Alpine F1 Team
2021,6,Azerbaijan Grand Prix,2021-06-06,tsunoda,Yuki Tsunoda,alphatauri,AlphaTauri
2021,6,Azerbaijan Grand Prix,2021-06-06,sainz,Carlos Sainz,ferrari,Ferrari
2021,6,Azerbaijan Grand Prix,2021-06-06,ricciardo,Daniel Ricciardo,mclaren,McLaren
2021,6,Azerbaijan Grand Prix,2021-06-06,raikkonen,Kimi Räikkönen,alfa,Alfa Romeo
2021,6,Azerbaijan Grand Prix,2021-06-06,giovinazzi,Antonio Giovinazzi,alfa,Alfa Romeo
2021,6,Azerbaijan Grand Prix,2021-06-06,bottas,Valtteri Bottas,mercedes,Mercedes
2021,6,Azerbaijan Grand Prix,2021-06-06,mick_schumacher,Mick Schumacher,haas,Haas F1 Team
2021,6,Azerbaijan Grand Prix,2021-06-06,mazepin,Nikita Mazepin,haas,Haas F1 Team
2021,6,Azerbaijan Grand Prix,2021-06-06,hamilton,Lewis Hamilton,mercedes,Mercedes
2021,6,Azerbaijan Grand Prix,2021-06-06,latifi,Nicholas Latifi,williams,Williams
2021,6,Azerbaijan Grand Prix,2021-06-06,russell,George Russell,williams,Williams
2021,6,Azerbaijan Grand Prix,2021-06-06,max_verstappen,Max Verstappen,red_bull,Red Bull
2021,6,Azerbaijan Grand Prix,2021-06-06,stroll,Lance Stroll,aston_martin,Aston Martin
2021,6,Azerbaijan Grand Prix,2021-06-06,ocon,Esteban Ocon,alpine,Alpine F1 Team
2021,7,French Grand Prix,2021-06-20,max_verstappen,Max Verstappen,red_bull,Red Bull
2021,7,French Grand Prix,2021-06-20,hamilton,Lewis Hamilton,mercedes,Mercedes
2021,7,French Grand Prix,2021-06-20,perez,Sergio Pérez,red_bull,Red Bull
2021,7,French Grand Prix,2021-06-20,bottas,Valtteri Bottas,mercedes,Mercedes
2021,7,French Grand Prix,2021-06-20,norris,Lando Norris,mclaren,McLaren
2021,7,French Grand Prix,2021-06-20,ricciardo,Daniel Ricciardo,mclaren,McLaren
2021,7,French Grand Prix,2021-06-20,gasly,Pierre Gasly,alphatauri,AlphaTauri
2021,7,French Grand Prix,2021-06-20,alonso,Fernando Alonso,alpine,Alpine F1 Team
2021,7,French Grand Prix,2021-06-20,vettel,Sebastian Vettel,aston_martin,Aston Martin
2021,7,French Grand Prix,2021-06-20,stroll,Lance Stroll,aston_martin,Aston Martin
2021,7,French Grand Prix,2021-06-20,sainz,Carlos Sainz,ferrari,Ferrari
2021,7,French Grand Prix,2021-06-20,russell,George Russell,williams,Williams
2021,7,French Grand Prix,2021-06-20,tsunoda,Yuki Tsunoda,alphatauri,AlphaTauri
2021,7,French Grand Prix,2021-06-20,ocon,Esteban Ocon,alpine,Alpine F1 Team
2021,7,French Grand Prix,2021-06-20,giovinazzi,Antonio Giovinazzi,alfa,Alfa Romeo
2021,7,French Grand Prix,2021-06-20,leclerc,Charles Leclerc,ferrari,Ferrari
2021,7,French Grand Prix,2021-06-20,raikkonen,Kimi Räikkönen,alfa,Alfa Romeo
2021,7,French Grand Prix,2021-06-20,latifi,Nicholas Latifi,williams,Williams
2021,7,French Grand Prix,2021-06-20,mick_schumacher,Mick Schumacher,haas,Haas F1 Team
2021,7,French Grand Prix,2021-06-20,mazepin,Nikita Mazepin,haas,Haas F1 Team
2021,8,Styrian Grand Prix,2021-06-27,max_verstappen,Max Verstappen,red_bull,Red Bull
2021,8,Styrian Grand Prix,2021-06-27,hamilton,Lewis Hamilton,mercedes,Mercedes
2021,8,Styrian Grand Prix,2021-06-27,bottas,Valtteri Bottas,mercedes,Mercedes
2021,8,Styrian Grand Prix,2021-06-27,perez,Sergio Pérez,red_bull,Red Bull
2021,8,Styrian Grand Prix,2021-06-27,norris,Lando Norris,mclaren,McLaren
2021,8,Styrian Grand Prix,2021-06-27,sainz,Carlos Sainz,ferrari,Ferrari
2021,8,Styrian Grand Prix,2021-06-27,leclerc,Charles Leclerc,ferrari,Ferrari
2021,8,Styrian Grand Prix,2021-06-27,stroll,Lance Stroll,aston_martin,Aston Martin
2021,8,Styrian Grand Prix,2021-06-27,alonso,Fernando Alonso,alpine,Alpine F1 Team
2021,8,Styrian Grand Prix,2021-06-27,tsunoda,Yuki Tsunoda,alphatauri,AlphaTauri
2021,8,Styrian Grand Prix,2021-06-27,raikkonen,Kimi Räikkönen,alfa,Alfa Romeo
2021,8,Styrian Grand Prix,2021-06-27,vettel,Sebastian Vettel,aston_martin,Aston Martin
2021,8,Styrian Grand Prix,2021-06-27,ricciardo,Daniel Ricciardo,mclaren,McLaren
2021,8,Styrian Grand Prix,2021-06-27,ocon,Esteban Ocon,alpine,Alpine F1 Team
2021,8,Styrian Grand Prix,2021-06-27,giovinazzi,Antonio Giovinazzi,alfa,Alfa Romeo
2021,8,Styrian Grand Prix,2021-06-27,mick_schumacher,Mick Schumacher,haas,Haas F1 Team
2021,8,Styrian Grand Prix,2021-06-27,latifi,Nicholas Latifi,williams,Williams
2021,8,Styrian Grand Prix,2021-06-27,mazepin,Nikita Mazepin,haas,Haas F1 Team
2021,8,Styrian Grand Prix,2021-06-27,russell,George Russell,williams,Williams
2021,8,Styrian Grand Prix,2021-06-27,gasly,Pierre Gasly,alphatauri,AlphaTauri
2021,9,Austrian Grand Prix,2021-07-04,max_verstappen,Max Verstappen,red_bull,Red Bull
2021,9,Austrian Grand Prix,2021-07-04,bottas,Valtteri Bottas,mercedes,Mercedes
2021,9,Austrian Grand Prix,2021-07-04,norris,Lando Norris,mclaren,McLaren
2021,9,Austrian Grand Prix,2021-07-04,hamilton,Lewis Hamilton,mercedes,Mercedes
2021,9,Austrian Grand Prix,2021-07-04,sainz,Carlos Sainz,ferrari,Ferrari
2021,9,Austrian Grand Prix,2021-07-04,perez,Sergio Pérez,red_bull,Red Bull
2021,9,Austrian Grand Prix,2021-07-04,ricciardo,Daniel Ricciardo,mclaren,McLaren
2021,9,Austrian Grand Prix,2021-07-04,leclerc,Charles Leclerc,ferrari,Ferrari
2021,9,Austrian Grand Prix,2021-07-04,gasly,Pierre Gasly,alphatauri,AlphaTauri
2021,9,Austrian Grand Prix,2021-07-04,alonso,Fernando Alonso,alpine,Alpine F1 Team
2021,9,Austrian Grand Prix,2021-07-04,russell,George Russell,williams,Williams
2021,9,Austrian Grand Prix,2021-07-04,tsunoda,Yuki Tsunoda,alphatauri,AlphaTauri
2021,9,Austrian Grand Prix,2021-07-04,stroll,Lance Stroll,aston_martin,Aston Martin
2021,9,Austrian Grand Prix,2021-07-04,giovinazzi,Antonio Giovinazzi,alfa,Alfa Romeo
2021,9,Austrian Grand Prix,2021-07-04,raikkonen,Kimi Räikkönen,alfa,Alfa Romeo
2021,9,Austrian Grand Prix,2021-07-04,latifi,Nicholas Latifi,williams,Williams
2021,9,Austrian Grand Prix,2021-07-04,vettel,Sebastian Vettel,aston_martin,Aston Martin
2021,9,Austrian Grand Prix,2021-07-04,mick_schumacher,Mick Schumacher,haas,Haas F1 Team
2021,9,Austrian Grand Prix,2021-07-04,mazepin,Nikita Mazepin,haas,Haas F1 Team
2021,9,Austrian Grand Prix,2021-07-04,ocon,Esteban Ocon,alpine,Alpine F1 Team
2021,10,British Grand Prix,2021-07-18,hamilton,Lewis Hamilton,mercedes,Mercedes
2021,10,British Grand Prix,2021-07-18,leclerc,Charles Leclerc,ferrari,Ferrari
2021,10,British Grand Prix,2021-07-18,bottas,Valtteri Bottas,mercedes,Mercedes
2021,10,British Grand Prix,2021-07-18,norris,Lando Norris,mclaren,McLaren
2021,10,British Grand Prix,2021-07-18,ricciardo,Daniel Ricciardo,mclaren,McLaren
2021,10,British Grand Prix,2021-07-18,sainz,Carlos Sainz,ferrari,Ferrari
2021,10,British Grand Prix,2021-07-18,alonso,Fernando Alonso,alpine,Alpine F1 Team
2021,10,British Grand Prix,2021-07-18,stroll,Lance Stroll,aston_martin,Aston Martin
2021,10,British Grand Prix,2021-07-18,ocon,Esteban Ocon,alpine,Alpine F1 Team
2021,10,British Grand Prix,2021-07-18,tsunoda,Yuki Tsunoda,alphatauri,AlphaTauri
2021,10,British Grand Prix,2021-07-18,gasly,Pierre Gasly,alphatauri,AlphaTauri
2021,10,British Grand Prix,2021-07-18,russell,George Russell,williams,Williams
2021,10,British Grand Prix,2021-07-18,giovinazzi,Antonio Giovinazzi,alfa,Alfa Romeo
2021,10,British Grand Prix,2021-07-18,latifi,Nicholas Latifi,williams,Williams
2021,10,British Grand Prix,2021-07-18,raikkonen,Kimi Räikkönen,alfa,Alfa Romeo
2021,10,British Grand Prix,2021-07-18,perez,Sergio Pérez,red_bull,Red Bull
2021,10,British Grand Prix,2021-07-18,mazepin,Nikita Mazepin,haas,Haas F1 Team
2021,10,British Grand Prix,2021-07-18,mick_schumacher,Mick Schumacher,haas,Haas F1 Team
2021,10,British Grand Prix,2021-07-18,vettel,Sebastian Vettel,aston_martin,Aston Martin
2021,10,British Grand Prix,2021-07-18,max_verstappen,Max Verstappen,red_bull,Red Bull
2021,11,Hungarian Grand Prix,2021-08-01,ocon,Esteban Ocon,alpine,Alpine F1 Team
2021,11,Hungarian Grand Prix,2021-08-01,hamilton,Lewis Hamilton,mercedes,Mercedes
2021,11,Hungarian Grand Prix,2021-08-01,sainz,Carlos Sainz,ferrari,Ferrari
2021,11,Hungarian Grand Prix,2021-08-01,alonso,Fernando Alonso,alpine,Alpine F1 Team
2021,11,Hungarian Grand Prix,2021-08-01,gasly,Pierre Gasly,alphatauri,AlphaTauri
2021,11,Hungarian Grand Prix,2021-08-01,tsunoda,Yuki Tsunoda,alphatauri,AlphaTauri
2021,11,Hungarian Grand Prix,2021-08-01,latifi,Nicholas Latifi,williams,Williams
2021,11,Hungarian Grand Prix,2021-08-01,russell,George Russell,williams,Williams
2021,11,Hungarian Grand Prix,2021-08-01,max_verstappen,Max Verstappen,red_bull,Red Bull
2021,11,Hungarian Grand Prix,2021-08-01,raikkonen,Kimi Räikkönen,alfa,Alfa Romeo
2021,11,Hungarian Grand Prix,2021-08-01,ricciardo,Daniel Ricciardo,mclaren,McLaren
2021,11,Hungarian Grand Prix,2021-08-01,mick_schumacher,Mick Schumacher,haas,Haas F1 Team
2021,11,Hungarian Grand Prix,2021-08-01,giovinazzi,Antonio Giovinazzi,alfa,Alfa Romeo
2021,11,Hungarian Grand Prix,2021-08-01,mazepin,Nikita Mazepin,haas,Haas F1 Team
2021,11,Hungarian Grand Prix,2021-08-01,norris,Lando Norris,mclaren,McLaren
2021,11,Hungarian Grand Prix,2021-08-01,bottas,Valtteri Bottas,mercedes,Mercedes
2021,11,Hungarian Grand Prix,2021-08-01,perez,Sergio Pérez,red_bull,Red Bull
2021,11,Hungarian Grand Prix,2021-08-01,leclerc,Charles Leclerc,ferrari,Ferrari
2021,11,Hungarian Grand Prix,2021-08-01,stroll,Lance Stroll,aston_martin,Aston Martin
2021,11,Hungarian Grand Prix,2021-08-01,vettel,Sebastian Vettel,aston_martin,Aston Martin
2021,12,Belgian Grand Prix,2021-08-29,max_verstappen,Max Verstappen,red_bull,Red Bull
2021,12,Belgian Grand Prix,2021-08-29,russell,George Russell,williams,Williams
2021,12,Belgian Grand Prix,2021-08-29,hamilton,Lewis Hamilton,mercedes,Mercedes
2021,12,Belgian Grand Prix,2021-08-29,ricciardo,Daniel Ricciardo,mclaren,McLaren
2021,12,Belgian Grand Prix,2021-08-29,vettel,Sebastian Vettel,aston_martin,Aston Martin
2021,12,Belgian Grand Prix,2021-08-29,gasly,Pierre Gasly,alphatauri,AlphaTauri
2021,12,Belgian Grand Prix,2021-08-29,ocon,Esteban Ocon,alpine,Alpine F1 Team
2021,12,Belgian Grand Prix,2021-08-29,leclerc,Charles Leclerc,ferrari,Ferrari
2021,12,Belgian Grand Prix,2021-08-29,latifi,Nicholas Latifi,williams,Williams
2021,12,Belgian Grand Prix,2021-08-29,sainz,Carlos Sainz,ferrari,Ferrari
2021,12,Belgian Grand Prix,2021-08-29,alonso,Fernando Alonso,alpine,Alpine F1 Team
2021,12,Belgian Grand Prix,2021-08-29,bottas,Valtteri Bottas,mercedes,Mercedes
2021,12,Belgian Grand Prix,2021-08-29,giovinazzi,Antonio Giovinazzi,alfa,Alfa Romeo
2021,12,Belgian Grand Prix,2021-08-29,norris,Lando Norris,mclaren,McLaren
2021,12,Belgian Grand Prix,2021-08-29,tsunoda,Yuki Tsunoda,alphatauri,AlphaTauri
2021,12,Belgian Grand Prix,2021-08-29,mick_schumacher,Mick Schumacher,haas,Haas F1 Team
2021,12,Belgian Grand Prix,2021-08-29,mazepin,Nikita Mazepin,haas,Haas F1 Team
2021,12,Belgian Grand Prix,2021-08-29,raikkonen,Kimi Räikkönen,alfa,Alfa Romeo
2021,12,Belgian Grand Prix,2021-08-29,perez,Sergio Pérez,red_bull,Red Bull
2021,12,Belgian Grand Prix,2021-08-29,stroll,Lance Stroll,aston_martin,Aston Martin
2021,13,Dutch Grand Prix,2021-09-05,max_verstappen,Max Verstappen,red_bull,Red Bull
2021,13,Dutch Grand Prix,2021-09-05,hamilton,Lewis Hamilton,mercedes,Mercedes
2021,13,Dutch Grand Prix,2021-09-05,bottas,Valtteri Bottas,mercedes,Mercedes
2021,13,Dutch Grand Prix,2021-09-05,gasly,Pierre Gasly,alphatauri,AlphaTauri
2021,13,Dutch Grand Prix,2021-09-05,leclerc,Charles Leclerc,ferrari,Ferrari
2021,13,Dutch Grand Prix,2021-09-05,alonso,Fernando Alonso,alpine,Alpine F1 Team
2021,13,Dutch Grand Prix,2021-09-05,sainz,Carlos Sainz,ferrari,Ferrari
2021,13,Dutch Grand Prix,2021-09-05,perez,Sergio Pérez,red_bull,Red Bull
2021,13,Dutch Grand Prix,2021-09-05,ocon,Esteban Ocon,alpine,Alpine F1 Team
2021,13,Dutch Grand Prix,2021-09-05,norris,Lando Norris,mclaren,McLaren
2021,13,Dutch Grand Prix,2021-09-05,ricciardo,Daniel Ricciardo,mclaren,McLaren
2021,13,Dutch Grand Prix,2021-09-05,stroll,Lance Stroll,aston_martin,Aston Martin
2021,13,Dutch Grand Prix,2021-09-05,vettel,Sebastian Vettel,aston_martin,Aston Martin
2021,13,Dutch Grand Prix,2021-09-05,giovinazzi,Antonio Giovinazzi,alfa,Alfa Romeo
2021,13,Dutch Grand Prix,2021-09-05,kubica,Robert Kubica,alfa,Alfa Romeo
2021,13,Dutch Grand Prix,2021-09-05,latifi,Nicholas Latifi,williams,Williams
2021,13,Dutch Grand Prix,2021-09-05,russell,George Russell,williams,Williams
2021,13,Dutch Grand Prix,2021-09-05,mick_schumacher,Mick Schumacher,haas,Haas F1 Team
2021,13,Dutch Grand Prix,2021-09-05,tsunoda,Yuki Tsunoda,alphatauri,AlphaTauri
2021,13,Dutch Grand Prix,2021-09-05,mazepin,Nikita Mazepin,haas,Haas F1 Team
2021,14,Italian Grand Prix,2021-09-12,ricciardo,Daniel Ricciardo,mclaren,McLaren
2021,14,Italian Grand Prix,2021-09-12,norris,Lando Norris,mclaren,McLaren
2021,14,Italian Grand Prix,2021-09-12,bottas,Valtteri Bottas,mercedes,Mercedes
2021,14,Italian Grand Prix,2021-09-12,leclerc,Charles Leclerc,ferrari,Ferrari
2021,14,Italian Grand Prix,2021-09-12,perez,Sergio Pérez,red_bull,Red Bull
2021,14,Italian Grand Prix,2021-09-12,sainz,Carlos Sainz,ferrari,Ferrari
2021,14,Italian Grand Prix,2021-09-12,stroll,Lance Stroll,aston_martin,Aston Martin
2021,14,Italian Grand Prix,2021-09-12,alonso,Fernando Alonso,alpine,Alpine F1 Team
2021,14,Italian Grand Prix,2021-09-12,russell,George Russell,williams,Williams
2021,14,Italian Grand Prix,2021-09-12,ocon,Esteban Ocon,alpine,Alpine F1 Team
2021,14,Italian Grand Prix,2021-09-12,latifi,Nicholas Latifi,williams,Williams
2021,14,Italian Grand Prix,2021-09-12,vettel,Sebastian Vettel,aston_martin,Aston Martin
2021,14,Italian Grand Prix,2021-09-12,giovinazzi,Antonio Giovinazzi,alfa,Alfa Romeo
2021,14,Italian Grand Prix,2021-09-12,kubica,Robert Kubica,alfa,Alfa Romeo
2021,14,Italian Grand Prix,2021-09-12,mick_schumacher,Mick Schumacher,haas,Haas F1 Team
2021,14,Italian Grand Prix,2021-09-12,mazepin,Nikita Mazepin,haas,Haas F1 Team
2021,14,Italian Grand Prix,2021-09-12,hamilton,Lewis Hamilton,mercedes,Mercedes
2021,14,Italian Grand Prix,2021-09-12,max_verstappen,Max Verstappen,red_bull,Red Bull
2021,14,Italian Grand Prix,2021-09-12,gasly,Pierre Gasly,alphatauri,AlphaTauri
2021,14,Italian Grand Prix,2021-09-12,tsunoda,Yuki Tsunoda,alphatauri,AlphaTauri
2021,15,Russian Grand Prix,2021-09-26,hamilton,Lewis Hamilton,mercedes,Mercedes
2021,15,Russian Grand Prix,2021-09-26,max_verstappen,Max Verstappen,red_bull,Red Bull
2021,15,Russian Grand Prix,2021-09-26,sainz,Carlos Sainz,ferrari,Ferrari
2021,15,Russian Grand Prix,2021-09-26,ricciardo,Daniel Ricciardo,mclaren,McLaren
2021,15,Russian Grand Prix,2021-09-26,bottas,Valtteri Bottas,mercedes,Mercedes
2021,15,Russian Grand Prix,2021-09-26,alonso,Fernando Alonso,alpine,Alpine F1 Team
2021,15,Russian Grand Prix,2021-09-26,norris,Lando Norris,mclaren,McLaren
2021,15,Russian Grand Prix,2021-09-26,raikkonen,Kimi Räikkönen,alfa,Alfa Romeo
2021,15,Russian Grand Prix,2021-09-26,perez,Sergio Pérez,red_bull,Red Bull
2021,15,Russian Grand Prix,2021-09-26,russell,George Russell,williams,Williams
2021,15,Russian Grand Prix,2021-09-26,stroll,Lance Stroll,aston_martin,Aston Martin
2021,15,Russian Grand Prix,2021-09-26,vettel,Sebastian Vettel,aston_martin,Aston Martin
2021,15,Russian Grand Prix,2021-09-26,gasly,Pierre Gasly,alphatauri,AlphaTauri
2021,15,Russian Grand Prix,2021-09-26,ocon,Esteban Ocon,alpine,Alpine F1 Team
2021,15,Russian Grand Prix,2021-09-26,leclerc,Charles Leclerc,ferrari,Ferrari
2021,15,Russian Grand Prix,2021-09-26,giovinazzi,Antonio Giovinazzi,alfa,Alfa Romeo
2021,15,Russian Grand Prix,2021-09-26,tsunoda,Yuki Tsunoda,alphatauri,AlphaTauri
2021,15,Russian Grand Prix,2021-09-26,mazepin,Nikita Mazepin,haas,Haas F1 Team
2021,15,Russian Grand Prix,2021-09-26,latifi,Nicholas Latifi,williams,Williams
2021,15,Russian Grand Prix,2021-09-26,mick_schumacher,Mick Schumacher,haas,Haas F1 Team
2021,16,Turkish Grand Prix,2021-10-10,bottas,Valtteri Bottas,mercedes,Mercedes
2021,16,Turkish Grand Prix,2021-10-10,max_verstappen,Max Verstappen,red_bull,Red Bull
2021,16,Turkish Grand Prix,2021-10-10,perez,Sergio Pérez,red_bull,Red Bull
2021,16,Turkish Grand Prix,2021-10-10,leclerc,Charles Leclerc,ferrari,Ferrari
2021,16,Turkish Grand Prix,2021-10-10,hamilton,Lewis Hamilton,mercedes,Mercedes
2021,16,Turkish Grand Prix,2021-10-10,gasly,Pierre Gasly,alphatauri,AlphaTauri
2021,16,Turkish Grand Prix,2021-10-10,norris,Lando Norris,mclaren,McLaren
2021,16,Turkish Grand Prix,2021-10-10,sainz,Carlos Sainz,ferrari,Ferrari
2021,16,Turkish Grand Prix,2021-10-10,stroll,Lance Stroll,aston_martin,Aston Martin
2021,16,Turkish Grand Prix,2021-10-10,ocon,Esteban Ocon,alpine,Alpine F1 Team
2021,16,Turkish Grand Prix,2021-10-10,giovinazzi,Antonio Giovinazzi,alfa,Alfa Romeo
2021,16,Turkish Grand Prix,2021-10-10,raikkonen,Kimi Räikkönen,alfa,Alfa Romeo
2021,16,Turkish Grand Prix,2021-10-10,ricciardo,Daniel Ricciardo,mclaren,McLaren
2021,16,Turkish Grand Prix,2021-10-10,tsunoda,Yuki Tsunoda,alphatauri,AlphaTauri
2021,16,Turkish Grand Prix,2021-10-10,russell,George Russell,williams,Williams
2021,16,Turkish Grand Prix,2021-10-10,alonso,Fernando Alonso,alpine,Alpine F1 Team
2021,16,Turkish Grand Prix,2021-10-10,latifi,Nicholas Latifi,williams,Williams
2021,16,Turkish Grand Prix,2021-10-10,vettel,Sebastian Vettel,aston_martin,Aston Martin
2021,16,Turkish Grand Prix,2021-10-10,mick_schumacher,Mick Schumacher,haas,Haas F1 Team
2021,16,Turkish Grand Prix,2021-10-10,mazepin,Nikita Mazepin,haas,Haas F1 Team
2021,17,United States Grand Prix,2021-10-24,max_verstappen,Max Verstappen,red_bull,Red Bull
2021,17,United States Grand Prix,2021-10-24,hamilton,Lewis Hamilton,mercedes,Mercedes
2021,17,United States Grand Prix,2021-10-24,perez,Sergio Pérez,red_bull,Red Bull
2021,17,United States Grand Prix,2021-10-24,leclerc,Charles Leclerc,ferrari,Ferrari
2021,17,United States Grand Prix,2021-10-24,ricciardo,Daniel Ricciardo,mclaren,McLaren
2021,17,United States Grand Prix,2021-10-24,bottas,Valtteri Bottas,mercedes,Mercedes
2021,17,United States Grand Prix,2021-10-24,sainz,Carlos Sainz,ferrari,Ferrari
2021,17,United States Grand Prix,2021-10-24,norris,Lando Norris,mclaren,McLaren
2021,17,United States Grand Prix,2021-10-24,tsunoda,Yuki Tsunoda,alphatauri,AlphaTauri
2021,17,United States Grand Prix,2021-10-24,vettel,Sebastian Vettel,aston_martin,Aston Martin
2021,17,United States Grand Prix,2021-10-24,giovinazzi,Antonio Giovinazzi,alfa,Alfa Romeo
2021,17,United States Grand Prix,2021-10-24,stroll,Lance Stroll,aston_martin,Aston Martin
2021,17,United States Grand Prix,2021-10-24,raikkonen,Kimi Räikkönen,alfa,Alfa Romeo
2021,17,United States Grand Prix,2021-10-24,russell,George Russell,williams,Williams
2021,17,United States Grand Prix,2021-10-24,latifi,Nicholas Latifi,williams,Williams
2021,17,United States Grand Prix,2021-10-24,mick_schumacher,Mick Schumacher,haas,Haas F1 Team
2021,17,United States Grand Prix,2021-10-24,mazepin,Nikita Mazepin,haas,Haas F1 Team
2021,17,United States Grand Prix,2021-10-24,alonso,Fernando Alonso,alpine,Alpine F1 Team
2021,17,United States Grand Prix,2021-10-24,ocon,Esteban Ocon,alpine,Alpine F1 Team
2021,17,United States Grand Prix,2021-10-24,gasly,Pierre Gasly,alphatauri,AlphaTauri
2021,18,Mexico City Grand Prix,2021-11-07,max_verstappen,Max Verstappen,red_bull,Red Bull
2021,18,Mexico City Grand Prix,2021-11-07,hamilton,Lewis Hamilton,mercedes,Mercedes
2021,18,Mexico City Grand Prix,2021-11-07,perez,Sergio Pérez,red_bull,Red Bull
2021,18,Mexico City Grand Prix,2021-11-07,gasly,Pierre Gasly,alphatauri,AlphaTauri
2021,18,Mexico City Grand Prix,2021-11-07,leclerc,Charles Leclerc,ferrari,Ferrari
2021,18,Mexico City Grand Prix,2021-11-07,sainz,Carlos Sainz,ferrari,Ferrari
2021,18,Mexico City Grand Prix,2021-11-07,vettel,Sebastian Vettel,aston_martin,Aston Martin
2021,18,Mexico City Grand Prix,2021-11-07,raikkonen,Kimi Räikkönen,alfa,Alfa Romeo
2021,18,Mexico City Grand Prix,2021-11-07,alonso,Fernando Alonso,alpine,Alpine F1 Team
2021,18,Mexico City Grand Prix,2021-11-07,norris,Lando Norris,mclaren,McLaren
2021,18,Mexico City Grand Prix,2021-11-07,giovinazzi,Antonio Giovinazzi,alfa,Alfa Romeo
2021,18,Mexico City Grand Prix,2021-11-07,ricciardo,Daniel Ricciardo,mclaren,McLaren
2021,18,Mexico City Grand Prix,2021-11-07,ocon,Esteban Ocon,alpine,Alpine F1 Team
2021,18,Mexico City Grand Prix,2021-11-07,stroll,Lance Stroll,aston_martin,Aston Martin
2021,18,Mexico City Grand Prix,2021-11-07,bottas,Valtteri Bottas,mercedes,Mercedes
2021,18,Mexico City Grand Prix,2021-11-07,russell,George Russell,williams,Williams
2021,18,Mexico City Grand Prix,2021-11-07,latifi,Nicholas Latifi,williams,Williams
2021,18,Mexico City Grand Prix,2021-11-07,mazepin,Nikita Mazepin,haas,Haas F1 Team
2021,18,Mexico City Grand Prix,2021-11-07,mick_schumacher,Mick Schumacher,haas,Haas F1 Team
2021,18,Mexico City Grand Prix,2021-11-07,tsunoda,Yuki Tsunoda,alphatauri,AlphaTauri
2021,19,São Paulo Grand Prix,2021-11-14,hamilton,Lewis Hamilton,mercedes,Mercedes
2021,19,São Paulo Grand Prix,2021-11-14,max_verstappen,Max Verstappen,red_bull,Red Bull
2021,19,São Paulo Grand Prix,2021-11-14,bottas,Valtteri Bottas,mercedes,Mercedes
2021,19,São Paulo Grand Prix,2021-11-14,perez,Sergio Pérez,red_bull,Red Bull
2021,19,São Paulo Grand Prix,2021-11-14,leclerc,Charles Leclerc,ferrari,Ferrari
2021,19,São Paulo Grand Prix,2021-11-14,sainz,Carlos Sainz,ferrari,Ferrari
2021,19,São Paulo Grand Prix,2021-11-14,gasly,Pierre Gasly,alphatauri,AlphaTauri
2021,19,São Paulo Grand Prix,2021-11-14,ocon,Esteban Ocon,alpine,Alpine F1 Team
2021,19,São Paulo Grand Prix,2021-11-14,alonso,Fernando Alonso,alpine,Alpine F1 Team
2021,19,São Paulo Grand Prix,2021-11-14,norris,Lando Norris,mclaren,McLaren
2021,19,São Paulo Grand Prix,2021-11-14,vettel,Sebastian Vettel,aston_martin,Aston Martin
2021,19,São Paulo Grand Prix,2021-11-14,raikkonen,Kimi Räikkönen,alfa,Alfa Romeo
2021,19,São Paulo Grand Prix,2021-11-14,russell,George Russell,williams,Williams
2021,19,São Paulo Grand Prix,2021-11-14,giovinazzi,Antonio Giovinazzi,alfa,Alfa Romeo
2021,19,São Paulo Grand Prix,2021-11-14,tsunoda,Yuki Tsunoda,alphatauri,AlphaTauri
2021,19,São Paulo Grand Prix,2021-11-14,latifi,Nicholas Latifi,williams,Williams
2021,19,São Paulo Grand Prix,2021-11-14,mazepin,Nikita Mazepin,haas,Haas F1 Team
2021,19,São Paulo Grand Prix,2021-11-14,mick_schumacher,Mick Schumacher,haas,Haas F1 Team
2021,19,São Paulo Grand Prix,2021-11-14,ricciardo,Daniel Ricciardo,mclaren,McLaren
2021,19,São Paulo Grand Prix,2021-11-14,stroll,Lance Stroll,aston_martin,Aston Martin
2021,20,Qatar Grand Prix,2021-11-21,hamilton,Lewis Hamilton,mercedes,Mercedes
2021,20,Qatar Grand Prix,2021-11-21,max_verstappen,Max Verstappen,red_bull,Red Bull
2021,20,Qatar Grand Prix,2021-11-21,alonso,Fernando Alonso,alpine,Alpine F1 Team
2021,20,Qatar Grand Prix,2021-11-21,perez,Sergio Pérez,red_bull,Red Bull
2021,20,Qatar Grand Prix,2021-11-21,ocon,Esteban Ocon,alpine,Alpine F1 Team
2021,20,Qatar Grand Prix,2021-11-21,stroll,Lance Stroll,aston_martin,Aston Martin
2021,20,Qatar Grand Prix,2021-11-21,sainz,Carlos Sainz,ferrari,Ferrari
2021,20,Qatar Grand Prix,2021-11-21,leclerc,Charles Leclerc,ferrari,Ferrari
2021,20,Qatar Grand Prix,2021-11-21,norris,Lando Norris,mclaren,McLaren
2021,20,Qatar Grand Prix,2021-11-21,vettel,Sebastian Vettel,aston_martin,Aston Martin
2021,20,Qatar Grand Prix,2021-11-21,gasly,Pierre Gasly,alphatauri,AlphaTauri
2021,20,Qatar Grand Prix,2021-11-21,ricciardo,Daniel Ricciardo,mclaren,McLaren
2021,20,Qatar Grand Prix,2021-11-21,tsunoda,Yuki Tsunoda,alphatauri,AlphaTauri
2021,20,Qatar Grand Prix,2021-11-21,raikkonen,Kimi Räikkönen,alfa,Alfa Romeo
2021,20,Qatar Grand Prix,2021-11-21,giovinazzi,Antonio Giovinazzi,alfa,Alfa Romeo
2021,20,Qatar Grand Prix,2021-11-21,mick_schumacher,Mick Schumacher,haas,Haas F1 Team
2021,20,Qatar Grand Prix,2021-11-21,russell,George Russell,williams,Williams
2021,20,Qatar Grand Prix,2021-11-21,mazepin,Nikita Mazepin,haas,Haas F1 Team
2021,20,Qatar Grand Prix,2021-11-21,latifi,Nicholas Latifi,williams,Williams
2021,20,Qatar Grand Prix,2021-11-21,bottas,Valtteri Bottas,mercedes,Mercedes
2021,21,Saudi Arabian Grand Prix,2021-12-05,hamilton,Lewis Hamilton,mercedes,Mercedes
2021,21,Saudi Arabian Grand Prix,2021-12-05,max_verstappen,Max Verstappen,red_bull,Red Bull
2021,21,Saudi Arabian Grand Prix,2021-12-05,bottas,Valtteri Bottas,mercedes,Mercedes
2021,21,Saudi Arabian Grand Prix,2021-12-05,ocon,Esteban Ocon,alpine,Alpine F1 Team
2021,21,Saudi Arabian Grand Prix,2021-12-05,ricciardo,Daniel Ricciardo,mclaren,McLaren
2021,21,Saudi Arabian Grand Prix,2021-12-05,gasly,Pierre Gasly,alphatauri,AlphaTauri
2021,21,Saudi Arabian Grand Prix,2021-12-05,leclerc,Charles Leclerc,ferrari,Ferrari
2021,21,Saudi Arabian Grand Prix,2021-12-05,sainz,Carlos Sainz,ferrari,Ferrari
2021,21,Saudi Arabian Grand Prix,2021-12-05,giovinazzi,Antonio Giovinazzi,alfa,Alfa Romeo
2021,21,Saudi Arabian Grand Prix,2021-12-05,norris,Lando Norris,mclaren,McLaren
2021,21,Saudi Arabian Grand Prix,2021-12-05,stroll,Lance Stroll,aston_martin,Aston Martin
2021,21,Saudi Arabian Grand Prix,2021-12-05,latifi,Nicholas Latifi,williams,Williams
2021,21,Saudi Arabian Grand Prix,2021-12-05,alonso,Fernando Alonso,alpine,Alpine F1 Team
2021,21,Saudi Arabian Grand Prix,2021-12-05,tsunoda,Yuki Tsunoda,alphatauri,AlphaTauri
2021,21,Saudi Arabian Grand Prix,2021-12-05,raikkonen,Kimi Räikkönen,alfa,Alfa Romeo
2021,21,Saudi Arabian Grand Prix,2021-12-05,vettel,Sebastian Vettel,aston_martin,Aston Martin
2021,21,Saudi Arabian Grand Prix,2021-12-05,perez,Sergio Pérez,red_bull,Red Bull
2021,21,Saudi Arabian Grand Prix,2021-12-05,mazepin,Nikita Mazepin,haas,Haas F1 Team
2021,21,Saudi Arabian Grand Prix,2021-12-05,russell,George Russell,williams,Williams
2021,21,Saudi Arabian Grand Prix,2021-12-05,mick_schumacher,Mick Schumacher,haas,Haas F1 Team
2021,22,Abu Dhabi Grand Prix,2021-12-12,max_verstappen,Max Verstappen,red_bull,Red Bull
2021,22,Abu Dhabi Grand Prix,2021-12-12,hamilton,Lewis Hamilton,mercedes,Mercedes
2021,22,Abu Dhabi Grand Prix,2021-12-12,sainz,Carlos Sainz,ferrari,Ferrari
2021,22,Abu Dhabi Grand Prix,2021-12-12,tsunoda,Yuki Tsunoda,alphatauri,AlphaTauri
2021,22,Abu Dhabi Grand Prix,2021-12-12,gasly,Pierre Gasly,alphatauri,AlphaTauri
2021,22,Abu Dhabi Grand Prix,2021-12-12,bottas,Valtteri Bottas,mercedes,Mercedes
2021,22,Abu Dhabi Grand Prix,2021-12-12,norris,Lando Norris,mclaren,McLaren
2021,22,Abu Dhabi Grand Prix,2021-12-12,alonso,Fernando Alonso,alpine,Alpine F1 Team
2021,22,Abu Dhabi Grand Prix,2021-12-12,ocon,Esteban Ocon,alpine,Alpine F1 Team
2021,22,Abu Dhabi Grand Prix,2021-12-12,leclerc,Charles Leclerc,ferrari,Ferrari
2021,22,Abu Dhabi Grand Prix,2021-12-12,vettel,Sebastian Vettel,aston_martin,Aston Martin
2021,22,Abu Dhabi Grand Prix,2021-12-12,ricciardo,Daniel Ricciardo,mclaren,McLaren
2021,22,Abu Dhabi Grand Prix,2021-12-12,stroll,Lance Stroll,aston_martin,Aston Martin
2021,22,Abu Dhabi Grand Prix,2021-12-12,mick_schumacher,Mick Schumacher,haas,Haas F1 Team
2021,22,Abu Dhabi Grand Prix,2021-12-12,perez,Sergio Pérez,red_bull,Red Bull
2021,22,Abu Dhabi Grand Prix,2021-12-12,latifi,Nicholas Latifi,williams,Williams
2021,22,Abu Dhabi Grand Prix,2021-12-12,giovinazzi,Antonio Giovinazzi,alfa,Alfa Romeo
2021,22,Abu Dhabi Grand Prix,2021-12-12,russell,George Russell,williams,Williams
2021,22,Abu Dhabi Grand Prix,2021-12-12,raikkonen,Kimi Räikkönen,alfa,Alfa Romeo
2021,22,Abu Dhabi Grand Prix,2021-12-12,mazepin,Nikita Mazepin,haas,Haas F1 Team
2022,1,Bahrain Grand Prix,2022-03-20,leclerc,Charles Leclerc,ferrari,Ferrari
2022,1,Bahrain Grand Prix,2022-03-20,sainz,Carlos Sainz,ferrari,Ferrari
2022,1,Bahrain Grand Prix,2022-03-20,hamilton,Lewis Hamilton,mercedes,Mercedes
2022,1,Bahrain Grand Prix,2022-03-20,russell,George Russell,mercedes,Mercedes
2022,1,Bahrain Grand Prix,2022-03-20,kevin_magnussen,Kevin Magnussen,haas,Haas F1 Team
2022,1,Bahrain Grand Prix,2022-03-20,bottas,Valtteri Bottas,alfa,Alfa Romeo
2022,1,Bahrain Grand Prix,2022-03-20,ocon,Esteban Ocon,alpine,Alpine F1 Team
2022,1,Bahrain Grand Prix,2022-03-20,tsunoda,Yuki Tsunoda,alphatauri,AlphaTauri
2022,1,Bahrain Grand Prix,2022-03-20,alonso,Fernando Alonso,alpine,Alpine F1 Team
2022,1,Bahrain Grand Prix,2022-03-20,zhou,Guanyu Zhou,alfa,Alfa Romeo
2022,1,Bahrain Grand Prix,2022-03-20,mick_schumacher,Mick Schumacher,haas,Haas F1 Team
2022,1,Bahrain Grand Prix,2022-03-20,stroll,Lance Stroll,aston_martin,Aston Martin
2022,1,Bahrain Grand Prix,2022-03-20,albon,Alexander Albon,williams,Williams
2022,1,Bahrain Grand Prix,2022-03-20,ricciardo,Daniel Ricciardo,mclaren,McLaren
2022,1,Bahrain Grand Prix,2022-03-20,norris,Lando Norris,mclaren,McLaren
2022,1,Bahrain Grand Prix,2022-03-20,latifi,Nicholas Latifi,williams,Williams
2022,1,Bahrain Grand Prix,2022-03-20,hulkenberg,Nico Hülkenberg,aston_martin,Aston Martin
2022,1,Bahrain Grand Prix,2022-03-20,perez,Sergio Pérez,red_bull,Red Bull
2022,1,Bahrain Grand Prix,2022-03-20,max_verstappen,Max Verstappen,red_bull,Red Bull
2022,1,Bahrain Grand Prix,2022-03-20,gasly,Pierre Gasly,alphatauri,AlphaTauri
2022,2,Saudi Arabian Grand Prix,2022-03-27,max_verstappen,Max Verstappen,red_bull,Red Bull
2022,2,Saudi Arabian Grand Prix,2022-03-27,leclerc,Charles Leclerc,ferrari,Ferrari
2022,2,Saudi Arabian Grand Prix,2022-03-27,sainz,Carlos Sainz,ferrari,Ferrari
2022,2,Saudi Arabian Grand Prix,2022-03-27,perez,Sergio Pérez,red_bull,Red Bull
2022,2,Saudi Arabian Grand Prix,2022-03-27,russell,George Russell,mercedes,Mercedes
2022,2,Saudi Arabian Grand Prix,2022-03-27,ocon,Esteban Ocon,alpine,Alpine F1 Team
2022,2,Saudi Arabian Grand Prix,2022-03-27,norris,Lando Norris,mclaren,McLaren
2022,2,Saudi Arabian Grand Prix,2022-03-27,gasly,Pierre Gasly,alphatauri,AlphaTauri
2022,2,Saudi Arabian Grand Prix,2022-03-27,kevin_magnussen,Kevin Magnussen,haas,Haas F1 Team
2022,2,Saudi Arabian Grand Prix,2022-03-27,hamilton,Lewis Hamilton,mercedes,Mercedes
2022,2,Saudi Arabian Grand Prix,2022-03-27,zhou,Guanyu Zhou,alfa,Alfa Romeo
2022,2,Saudi Arabian Grand Prix,2022-03-27,hulkenberg,Nico Hülkenberg,aston_martin,Aston Martin
2022,2,Saudi Arabian Grand Prix,2022-03-27,stroll,Lance Stroll,aston_martin,Aston Martin
2022,2,Saudi Arabian Grand Prix,2022-03-27,albon,Alexander Albon,williams,Williams
2022,2,Saudi Arabian Grand Prix,2022-03-27,bottas,Valtteri Bottas,alfa,Alfa Romeo
2022,2,Saudi Arabian Grand Prix,2022-03-27,alonso,Fernando Alonso,alpine,Alpine F1 Team
2022,2,Saudi Arabian Grand Prix,2022-03-27,ricciardo,Daniel Ricciardo,mclaren,McLaren
2022,2,Saudi Arabian Grand Prix,2022-03-27,latifi,Nicholas Latifi,williams,Williams
2022,2,Saudi Arabian Grand Prix,2022-03-27,tsunoda,Yuki Tsunoda,alphatauri,AlphaTauri
2022,2,Saudi Arabian Grand Prix,2022-03-27,mick_schumacher,Mick Schumacher,haas,Haas F1 Team
2022,3,Australian Grand Prix,2022-04-10,leclerc,Charles Leclerc,ferrari,Ferrari
2022,3,Australian Grand Prix,2022-04-10,perez,Sergio Pérez,red_bull,Red Bull
2022,3,Australian Grand Prix,2022-04-10,russell,George Russell,mercedes,Mercedes
2022,3,Australian Grand Prix,2022-04-10,hamilton,Lewis Hamilton,mercedes,Mercedes
2022,3,Australian Grand Prix,2022-04-10,norris,Lando Norris,mclaren,McLaren
2022,3,Australian Grand Prix,2022-04-10,ricciardo,Daniel Ricciardo,mclaren,McLaren
2022,3,Australian Grand Prix,2022-04-10,ocon,Esteban Ocon,alpine,Alpine F1 Team
2022,3,Australian Grand Prix,2022-04-10,bottas,Valtteri Bottas,alfa,Alfa Romeo
2022,3,Australian Grand Prix,2022-04-10,gasly,Pierre Gasly,alphatauri,AlphaTauri
2022,3,Australian Grand Prix,2022-04-10,albon,Alexander Albon,williams,Williams
2022,3,Australian Grand Prix,2022-04-10,zhou,Guanyu Zhou,alfa,Alfa Romeo
2022,3,Australian Grand Prix,2022-04-10,stroll,Lance Stroll,aston_martin,Aston Martin
2022,3,Australian Grand Prix,2022-04-10,mick_schumacher,Mick Schumacher,haas,Haas F1 Team
2022,3,Australian Grand Prix,2022-04-10,kevin_magnussen,Kevin Magnussen,haas,Haas F1 Team
2022,3,Australian Grand Prix,2022-04-10,tsunoda,Yuki Tsunoda,alphatauri,AlphaTauri
2022,3,Australian Grand Prix,2022-04-10,latifi,Nicholas Latifi,williams,Williams
2022,3,Australian Grand Prix,2022-04-10,alonso,Fernando Alonso,alpine,Alpine F1 Team
2022,3,Australian Grand Prix,2022-04-10,max_verstappen,Max Verstappen,red_bull,Red Bull
2022,3,Australian Grand Prix,2022-04-10,vettel,Sebastian Vettel,aston_martin,Aston Martin
2022,3,Australian Grand Prix,2022-04-10,sainz,Carlos Sainz,ferrari,Ferrari
2022,4,Emilia Romagna Grand Prix,2022-04-24,max_verstappen,Max Verstappen,red_bull,Red Bull
2022,4,Emilia Romagna Grand Prix,2022-04-24,perez,Sergio Pérez,red_bull,Red Bull
2022,4,Emilia Romagna Grand Prix,2022-04-24,norris,Lando Norris,mclaren,McLaren
2022,4,Emilia Romagna Grand Prix,2022-04-24,russell,George Russell,mercedes,Mercedes
2022,4,Emilia Romagna Grand Prix,2022-04-24,bottas,Valtteri Bottas,alfa,Alfa Romeo
2022,4,Emilia Romagna Grand Prix,2022-04-24,leclerc,Charles Leclerc,ferrari,Ferrari
2022,4,Emilia Romagna Grand Prix,2022-04-24,tsunoda,Yuki Tsunoda,alphatauri,AlphaTauri
2022,4,Emilia Romagna Grand Prix,2022-04-24,vettel,Sebastian Vettel,aston_martin,Aston Martin
2022,4,Emilia Romagna Grand Prix,2022-04-24,kevin_magnussen,Kevin Magnussen,haas,Haas F1 Team
2022,4,Emilia Romagna Grand Prix,2022-04-24,stroll,Lance Stroll,aston_martin,Aston Martin
2022,4,Emilia Romagna Grand Prix,2022-04-24,albon,Alexander Albon,williams,Williams
2022,4,Emilia Romagna Grand Prix,2022-04-24,gasly,Pierre Gasly,alphatauri,AlphaTauri
2022,4,Emilia Romagna Grand Prix,2022-04-24,hamilton,Lewis Hamilton,mercedes,Mercedes
2022,4,Emilia Romagna Grand Prix,2022-04-24,ocon,Esteban Ocon,alpine,Alpine F1 Team
2022,4,Emilia Romagna Grand Prix,2022-04-24,zhou,Guanyu Zhou,alfa,Alfa Romeo
2022,4,Emilia Romagna Grand Prix,2022-04-24,latifi,Nicholas Latifi,williams,Williams
2022,4,Emilia Romagna Grand Prix,2022-04-24,mick_schumacher,Mick Schumacher,haas,Haas F1 Team
2022,4,Emilia Romagna Grand Prix,2022-04-24,ricciardo,Daniel Ricciardo,mclaren,McLaren
2022,4,Emilia Romagna Grand Prix,2022-04-24,alonso,Fernando Alonso,alpine,Alpine F1 Team
2022,4,Emilia Romagna Grand Prix,2022-04-24,sainz,Carlos Sainz,ferrari,Ferrari
2022,5,Miami Grand Prix,2022-05-08,max_verstappen,Max Verstappen,red_bull,Red Bull
2022,5,Miami Grand Prix,2022-05-08,leclerc,Charles Leclerc,ferrari,Ferrari
2022,5,Miami Grand Prix,2022-05-08,sainz,Carlos Sainz,ferrari,Ferrari
2022,5,Miami Grand Prix,2022-05-08,perez,Sergio Pérez,red_bull,Red Bull
2022,5,Miami Grand Prix,2022-05-08,russell,George Russell,mercedes,Mercedes
2022,5,Miami Grand Prix,2022-05-08,hamilton,Lewis Hamilton,mercedes,Mercedes
2022,5,Miami Grand Prix,2022-05-08,bottas,Valtteri Bottas,alfa,Alfa Romeo
2022,5,Miami Grand Prix,2022-05-08,ocon,Esteban Ocon,alpine,Alpine F1 Team
2022,5,Miami Grand Prix,2022-05-08,albon,Alexander Albon,williams,Williams
2022,5,Miami Grand Prix,2022-05-08,stroll,Lance Stroll,aston_martin,Aston Martin
2022,5,Miami Grand Prix,2022-05-08,alonso,Fernando Alonso,alpine,Alpine F1 Team
2022,5,Miami Grand Prix,2022-05-08,tsunoda,Yuki Tsunoda,alphatauri,AlphaTauri
2022,5,Miami Grand Prix,2022-05-08,ricciardo,Daniel Ricciardo,mclaren,McLaren
2022,5,Miami Grand Prix,2022-05-08,latifi,Nicholas Latifi,williams,Williams
2022,5,Miami Grand Prix,2022-05-08,mick_schumacher,Mick Schumacher,haas,Haas F1 Team
2022,5,Miami Grand Prix,2022-05-08,kevin_magnussen,Kevin Magnussen,haas,Haas F1 Team
2022,5,Miami Grand Prix,2022-05-08,vettel,Sebastian Vettel,aston_martin,Aston Martin
2022,5,Miami Grand Prix,2022-05-08,gasly,Pierre Gasly,alphatauri,AlphaTauri
2022,5,Miami Grand Prix,2022-05-08,norris,Lando Norris,mclaren,McLaren
2022,5,Miami Grand Prix,2022-05-08,zhou,Guanyu Zhou,alfa,Alfa Romeo
2022,6,Spanish Grand Prix,2022-05-22,max_verstappen,Max Verstappen,red_bull,Red Bull
2022,6,Spanish Grand Prix,2022-05-22,perez,Sergio Pérez,red_bull,Red Bull
2022,6,Spanish Grand Prix,2022-05-22,russell,George Russell,mercedes,Mercedes
2022,6,Spanish Grand Prix,2022-05-22,sainz,Carlos Sainz,ferrari,Ferrari
2022,6,Spanish Grand Prix,2022-05-22,hamilton,Lewis Hamilton,mercedes,Mercedes
2022,6,Spanish Grand Prix,2022-05-22,bottas,Valtteri Bottas,alfa,Alfa Romeo
2022,6,Spanish Grand Prix,2022-05-22,ocon,Esteban Ocon,alpine,Alpine F1 Team
2022,6,Spanish Grand Prix,2022-05-22,norris,Lando Norris,mclaren,McLaren
2022,6,Spanish Grand Prix,2022-05-22,alonso,Fernando Alonso,alpine,Alpine F1 Team
2022,6,Spanish Grand Prix,2022-05-22,tsunoda,Yuki Tsunoda,alphatauri,AlphaTauri
2022,6,Spanish Grand Prix,2022-05-22,vettel,Sebastian Vettel,aston_martin,Aston Martin
2022,6,Spanish Grand Prix,2022-05-22,ricciardo,Daniel Ricciardo,mclaren,McLaren
2022,6,Spanish Grand Prix,2022-05-22,gasly,Pierre Gasly,alphatauri,AlphaTauri
2022,6,Spanish Grand Prix,2022-05-22,mick_schumacher,Mick Schumacher,haas,Haas F1 Team
2022,6,Spanish Grand Prix,2022-05-22,stroll,Lance Stroll,aston_martin,Aston Martin
2022,6,Spanish Grand Prix,2022-05-22,latifi,Nicholas Latifi,williams,Williams
2022,6,Spanish Grand Prix,2022-05-22,kevin_magnussen,Kevin Magnussen,haas,Haas F1 Team
2022,6,Spanish Grand Prix,2022-05-22,albon,Alexander Albon,williams,Williams
2022,6,Spanish Grand Prix,2022-05-22,zhou,Guanyu Zhou,alfa,Alfa Romeo
2022,6,Spanish Grand Prix,2022-05-22,leclerc,Charles Leclerc,ferrari,Ferrari
2022,7,Monaco Grand Prix,2022-05-29,perez,Sergio Pérez,red_bull,Red Bull
2022,7,Monaco Grand Prix,2022-05-29,sainz,Carlos Sainz,ferrari,Ferrari
2022,7,Monaco Grand Prix,2022-05-29,max_verstappen,Max Verstappen,red_bull,Red Bull
2022,7,Monaco Grand Prix,2022-05-29,leclerc,Charles Leclerc,ferrari,Ferrari
2022,7,Monaco Grand Prix,2022-05-29,russell,George Russell,mercedes,Mercedes
2022,7,Monaco Grand Prix,2022-05-29,norris,Lando Norris,mclaren,McLaren
2022,7,Monaco Grand Prix,2022-05-29,alonso,Fernando Alonso,alpine,Alpine F1 Team
2022,7,Monaco Grand Prix,2022-05-29,hamilton,Lewis Hamilton,mercedes,Mercedes
2022,7,Monaco Grand Prix,2022-05-29,bottas,Valtteri Bottas,alfa,Alfa Romeo
2022,7,Monaco Grand Prix,2022-05-29,vettel,Sebastian Vettel,aston_martin,Aston Martin
2022,7,Monaco Grand Prix,2022-05-29,gasly,Pierre Gasly,alphatauri,AlphaTauri
2022,7,Monaco Grand Prix,2022-05-29,ocon,Esteban Ocon,alpine,Alpine F1 Team
2022,7,Monaco Grand Prix,2022-05-29,ricciardo,Daniel Ricciardo,mclaren,McLaren
2022,7,Monaco Grand Prix,2022-05-29,stroll,Lance Stroll,aston_martin,Aston Martin
2022,7,Monaco Grand Prix,2022-05-29,latifi,Nicholas Latifi,williams,Williams
2022,7,Monaco Grand Prix,2022-05-29,zhou,Guanyu Zhou,alfa,Alfa Romeo
2022,7,Monaco Grand Prix,2022-05-29,tsunoda,Yuki Tsunoda,alphatauri,AlphaTauri
2022,7,Monaco Grand Prix,2022-05-29,albon,Alexander Albon,williams,Williams
2022,7,Monaco Grand Prix,2022-05-29,mick_schumacher,Mick Schumacher,haas,Haas F1 Team
2022,7,Monaco Grand Prix,2022-05-29,kevin_magnussen,Kevin Magnussen,haas,Haas F1 Team
2022,8,Azerbaijan Grand Prix,2022-06-12,max_verstappen,Max Verstappen,red_bull,Red Bull
2022,8,Azerbaijan Grand Prix,2022-06-12,perez,Sergio Pérez,red_bull,Red Bull
2022,8,Azerbaijan Grand Prix,2022-06-12,russell,George Russell,mercedes,Mercedes
2022,8,Azerbaijan Grand Prix,2022-06-12,hamilton,Lewis Hamilton,mercedes,Mercedes
2022,8,Azerbaijan Grand Prix,2022-06-12,gasly,Pierre Gasly,alphatauri,AlphaTauri
2022,8,Azerbaijan Grand Prix,2022-06-12,vettel,Sebastian Vettel,aston_martin,Aston Martin
2022,8,Azerbaijan Grand Prix,2022-06-12,alonso,Fernando Alonso,alpine,Alpine F1 Team
2022,8,Azerbaijan Grand Prix,2022-06-12,ricciardo,Daniel Ricciardo,mclaren,McLaren
2022,8,Azerbaijan Grand Prix,2022-06-12,norris,Lando Norris,mclaren,McLaren
2022,8,Azerbaijan Grand Prix,2022-06-12,ocon,Esteban Ocon,alpine,Alpine F1 Team
2022,8,Azerbaijan Grand Prix,2022-06-12,bottas,Valtteri Bottas,alfa,Alfa Romeo
2022,8,Azerbaijan Grand Prix,2022-06-12,albon,Alexander Albon,williams,Williams
2022,8,Azerbaijan Grand Prix,2022-06-12,tsunoda,Yuki Tsunoda,alphatauri,AlphaTauri
2022,8,Azerbaijan Grand Prix,2022-06-12,mick_schumacher,Mick Schumacher,haas,Haas F1 Team
2022,8,Azerbaijan Grand Prix,2022-06-12,latifi,Nicholas Latifi,williams,Williams
2022,8,Azerbaijan Grand Prix,2022-06-12,stroll,Lance Stroll,aston_martin,Aston Martin
2022,8,Azerbaijan Grand Prix,2022-06-12,kevin_magnussen,Kevin Magnussen,haas,Haas F1 Team
2022,8,Azerbaijan Grand Prix,2022-06-12,zhou,Guanyu Zhou,alfa,Alfa Romeo
2022,8,Azerbaijan Grand Prix,2022-06-12,leclerc,Charles Leclerc,ferrari,Ferrari
2022,8,Azerbaijan Grand Prix,2022-06-12,sainz,Carlos Sainz,ferrari,Ferrari
2022,9,Canadian Grand Prix,2022-06-19,max_verstappen,Max Verstappen,red_bull,Red Bull
2022,9,Canadian Grand Prix,2022-06-19,sainz,Carlos Sainz,ferrari,Ferrari
2022,9,Canadian Grand Prix,2022-06-19,hamilton,Lewis Hamilton,mercedes,Mercedes
2022,9,Canadian Grand Prix,2022-06-19,russell,George Russell,mercedes,Mercedes
2022,9,Canadian Grand Prix,2022-06-19,leclerc,Charles Leclerc,ferrari,Ferrari
2022,9,Canadian Grand Prix,2022-06-19,ocon,Esteban Ocon,alpine,Alpine F1 Team
2022,9,Canadian Grand Prix,2022-06-19,bottas,Valtteri Bottas,alfa,Alfa Romeo
2022,9,Canadian Grand Prix,2022-06-19,zhou,Guanyu Zhou,alfa,Alfa Romeo
2022,9,Canadian Grand Prix,2022-06-19,alonso,Fernando Alonso,alpine,Alpine F1 Team
2022,9,Canadian Grand Prix,2022-06-19,stroll,Lance Stroll,aston_martin,Aston Martin
2022,9,Canadian Grand Prix,2022-06-19,ricciardo,Daniel Ricciardo,mclaren,McLaren
2022,9,Canadian Grand Prix,2022-06-19,vettel,Sebastian Vettel,aston_martin,Aston Martin
2022,9,Canadian Grand Prix,2022-06-19,albon,Alexander Albon,williams,Williams
2022,9,Canadian Grand Prix,2022-06-19,gasly,Pierre Gasly,alphatauri,AlphaTauri
2022,9,Canadian Grand Prix,2022-06-19,norris,Lando Norris,mclaren,McLaren
2022,9,Canadian Grand Prix,2022-06-19,latifi,Nicholas Latifi,williams,Williams
2022,9,Canadian Grand Prix,2022-06-19,kevin_magnussen,Kevin Magnussen,haas,Haas F1 Team
2022,9,Canadian Grand Prix,2022-06-19,tsunoda,Yuki Tsunoda,alphatauri,AlphaTauri
2022,9,Canadian Grand Prix,2022-06-19,mick_schumacher,Mick Schumacher,haas,Haas F1 Team
2022,9,Canadian Grand Prix,2022-06-19,perez,Sergio Pérez,red_bull,Red Bull
2022,10,British Grand Prix,2022-07-03,sainz,Carlos Sainz,ferrari,Ferrari
2022,10,British Grand Prix,2022-07-03,perez,Sergio Pérez,red_bull,Red Bull
2022,10,British Grand Prix,2022-07-03,hamilton,Lewis Hamilton,mercedes,Mercedes
2022,10,British Grand Prix,2022-07-03,leclerc,Charles Leclerc,ferrari,Ferrari
2022,10,British Grand Prix,2022-07-03,alonso,Fernando Alonso,alpine,Alpine F1 Team
2022,10,British Grand Prix,2022-07-03,norris,Lando Norris,mclaren,McLaren
2022,10,British Grand Prix,2022-07-03,max_verstappen,Max Verstappen,red_bull,Red Bull
2022,10,British Grand Prix,2022-07-03,mick_schumacher,Mick Schumacher,haas,Haas F1 Team
2022,10,British Grand Prix,2022-07-03,vettel,Sebastian Vettel,aston_martin,Aston Martin
2022,10,British Grand Prix,2022-07-03,kevin_magnussen,Kevin Magnussen,haas,Haas F1 Team
2022,10,British Grand Prix,2022-07-03,stroll,Lance Stroll,aston_martin,Aston Martin
2022,10,British Grand Prix,2022-07-03,latifi,Nicholas Latifi,williams,Williams
2022,10,British Grand Prix,2022-07-03,ricciardo,Daniel Ricciardo,mclaren,McLaren
2022,10,British Grand Prix,2022-07-03,tsunoda,Yuki Tsunoda,alphatauri,AlphaTauri
2022,10,British Grand Prix,2022-07-03,ocon,Esteban Ocon,alpine,Alpine F1 Team
2022,10,British Grand Prix,2022-07-03,gasly,Pierre Gasly,alphatauri,AlphaTauri
2022,10,British Grand Prix,2022-07-03,bottas,Valtteri Bottas,alfa,Alfa Romeo
2022,10,British Grand Prix,2022-07-03,russell,George Russell,mercedes,Mercedes
2022,10,British Grand Prix,2022-07-03,zhou,Guanyu Zhou,alfa,Alfa Romeo
2022,10,British Grand Prix,2022-07-03,albon,Alexander Albon,williams,Williams
2022,11,Austrian Grand Prix,2022-07-10,leclerc,Charles Leclerc,ferrari,Ferrari
2022,11,Austrian Grand Prix,2022-07-10,max_verstappen,Max Verstappen,red_bull,Red Bull
2022,11,Austrian Grand Prix,2022-07-10,hamilton,Lewis Hamilton,mercedes,Mercedes
2022,11,Austrian Grand Prix,2022-07-10,russell,George Russell,mercedes,Mercedes
2022,11,Austrian Grand Prix,2022-07-10,ocon,Esteban Ocon,alpine,Alpine F1 Team
2022,11,Austrian Grand Prix,2022-07-10,mick_schumacher,Mick Schumacher,haas,Haas F1 Team
2022,11,Austrian Grand Prix,2022-07-10,norris,Lando Norris,mclaren,McLaren
2022,11,Austrian Grand Prix,2022-07-10,kevin_magnussen,Kevin Magnussen,haas,Haas F1 Team
2022,11,Austrian Grand Prix,2022-07-10,ricciardo,Daniel Ricciardo,mclaren,McLaren
2022,11,Austrian Grand Prix,2022-07-10,alonso,Fernando Alonso,alpine,Alpine F1 Team
2022,11,Austrian Grand Prix,2022-07-10,bottas,Valtteri Bottas,alfa,Alfa Romeo
2022,11,Austrian Grand Prix,2022-07-10,albon,Alexander Albon,williams,Williams
2022,11,Austrian Grand Prix,2022-07-10,stroll,Lance Stroll,aston_martin,Aston Martin
2022,11,Austrian Grand Prix,2022-07-10,zhou,Guanyu Zhou,alfa,Alfa Romeo
2022,11,Austrian Grand Prix,2022-07-10,gasly,Pierre Gasly,alphatauri,AlphaTauri
2022,11,Austrian Grand Prix,2022-07-10,tsunoda,Yuki Tsunoda,alphatauri,AlphaTauri
2022,11,Austrian Grand Prix,2022-07-10,vettel,Sebastian Vettel,aston_martin,Aston Martin
2022,11,Austrian Grand Prix,2022-07-10,sainz,Carlos Sainz,ferrari,Ferrari
2022,11,Austrian Grand Prix,2022-07-10,latifi,Nicholas Latifi,williams,Williams
2022,11,Austrian Grand Prix,2022-07-10,perez,Sergio Pérez,red_bull,Red Bull
2022,12,French Grand Prix,2022-07-24,max_verstappen,Max Verstappen,red_bull,Red Bull
2022,12,French Grand Prix,2022-07-24,hamilton,Lewis Hamilton,mercedes,Mercedes
2022,12,French Grand Prix,2022-07-24,russell,George Russell,mercedes,Mercedes
2022,12,French Grand Prix,2022-07-24,perez,Sergio Pérez,red_bull,Red Bull
2022,12,French Grand Prix,2022-07-24,sainz,Carlos Sainz,ferrari,Ferrari
2022,12,French Grand Prix,2022-07-24,alonso,Fernando Alonso,alpine,Alpine F1 Team
2022,12,French Grand Prix,2022-07-24,norris,Lando Norris,mclaren,McLaren
2022,12,French Grand Prix,2022-07-24,ocon,Esteban Ocon,alpine,Alpine F1 Team
2022,12,French Grand Prix,2022-07-24,ricciardo,Daniel Ricciardo,mclaren,McLaren
2022,12,French Grand Prix,2022-07-24,stroll,Lance Stroll,aston_martin,Aston Martin
2022,12,French Grand Prix,2022-07-24,vettel,Sebastian Vettel,aston_martin,Aston Martin
2022,12,French Grand Prix,2022-07-24,gasly,Pierre Gasly,alphatauri,AlphaTauri
2022,12,French Grand Prix,2022-07-24,albon,Alexander Albon,williams,Williams
2022,12,French Grand Prix,2022-07-24,bottas,Valtteri Bottas,alfa,Alfa Romeo
2022,12,French Grand Prix,2022-07-24,mick_schumacher,Mick Schumacher,haas,Haas F1 Team
2022,12,French Grand Prix,2022-07-24,zhou,Guanyu Zhou,alfa,Alfa Romeo
2022,12,French Grand Prix,2022-07-24,latifi,Nicholas Latifi,williams,Williams
2022,12,French Grand Prix,2022-07-24,kevin_magnussen,Kevin Magnussen,haas,Haas F1 Team
2022,12,French Grand Prix,2022-07-24,leclerc,Charles Leclerc,ferrari,Ferrari
2022,12,French Grand Prix,2022-07-24,tsunoda,Yuki Tsunoda,alphatauri,AlphaTauri
2022,13,Hungarian Grand Prix,2022-07-31,max_verstappen,Max Verstappen,red_bull,Red Bull
2022,13,Hungarian Grand Prix,2022-07-31,hamilton,Lewis Hamilton,mercedes,Mercedes
2022,13,Hungarian Grand Prix,2022-07-31,russell,George Russell,mercedes,Mercedes
2022,13,Hungarian Grand Prix,2022-07-31,sainz,Carlos Sainz,ferrari,Ferrari
2022,13,Hungarian Grand Prix,2022-07-31,perez,Sergio Pérez,red_bull,Red Bull
2022,13,Hungarian Grand Prix,2022-07-31,leclerc,Charles Leclerc,ferrari,Ferrari
2022,13,Hungarian Grand Prix,2022-07-31,norris,Lando Norris,mclaren,McLaren
2022,13,Hungarian Grand Prix,2022-07-31,alonso,Fernando Alonso,alpine,Alpine F1 Team
2022,13,Hungarian Grand Prix,2022-07-31,ocon,Esteban Ocon,alpine,Alpine F1 Team
2022,13,Hungarian Grand Prix,2022-07-31,vettel,Sebastian Vettel,aston_martin,Aston Martin
2022,13,Hungarian Grand Prix,2022-07-31,stroll,Lance Stroll,aston_martin,Aston Martin
2022,13,Hungarian Grand Prix,2022-07-31,gasly,Pierre Gasly,alphatauri,AlphaTauri
2022,13,Hungarian Grand Prix,2022-07-31,zhou,Guanyu Zhou,alfa,Alfa Romeo
2022,13,Hungarian Grand Prix,2022-07-31,mick_schumacher,Mick Schumacher,haas,Haas F1 Team
2022,13,Hungarian Grand Prix,2022-07-31,ricciardo,Daniel Ricciardo,mclaren,McLaren
2022,13,Hungarian Grand Prix,2022-07-31,kevin_magnussen,Kevin Magnussen,haas,Haas F1 Team
2022,13,Hungarian Grand Prix,2022-07-31,albon,Alexander Albon,williams,Williams
2022,13,Hungarian Grand Prix,2022-07-31,latifi,Nicholas Latifi,williams,Williams
2022,13,Hungarian Grand Prix,2022-07-31,tsunoda,Yuki Tsunoda,alphatauri,AlphaTauri
2022,13,Hungarian Grand Prix,2022-07-31,bottas,Valtteri Bottas,alfa,Alfa Romeo
2022,14,Belgian Grand Prix,2022-08-28,max_verstappen,Max Verstappen,red_bull,Red Bull
2022,14,Belgian Grand Prix,2022-08-28,perez,Sergio Pérez,red_bull,Red Bull
2022,14,Belgian Grand Prix,2022-08-28,sainz,Carlos Sainz,ferrari,Ferrari
2022,14,Belgian Grand Prix,2022-08-28,russell,George Russell,mercedes,Mercedes
2022,14,Belgian Grand Prix,2022-08-28,alonso,Fernando Alonso,alpine,Alpine F1 Team
2022,14,Belgian Grand Prix,2022-08-28,leclerc,Charles Leclerc,ferrari,Ferrari
2022,14,Belgian Grand Prix,2022-08-28,ocon,Esteban Ocon,alpine,Alpine F1 Team
2022,14,Belgian Grand Prix,2022-08-28,vettel,Sebastian Vettel,aston_martin,Aston Martin
2022,14,Belgian Grand Prix,2022-08-28,gasly,Pierre Gasly,alphatauri,AlphaTauri
2022,14,Belgian Grand Prix,2022-08-28,albon,Alexander Albon,williams,Williams
2022,14,Belgian Grand Prix,2022-08-28,stroll,Lance Stroll,aston_martin,Aston Martin
2022,14,Belgian Grand Prix,2022-08-28,norris,Lando Norris,mclaren,McLaren
2022,14,Belgian Grand Prix,2022-08-28,tsunoda,Yuki Tsunoda,alphatauri,AlphaTauri
2022,14,Belgian Grand Prix,2022-08-28,zhou,Guanyu Zhou,alfa,Alfa Romeo
2022,14,Belgian Grand Prix,2022-08-28,ricciardo,Daniel Ricciardo,mclaren,McLaren
2022,14,Belgian Grand Prix,2022-08-28,kevin_magnussen,Kevin Magnussen,haas,Haas F1 Team
2022,14,Belgian Grand Prix,2022-08-28,mick_schumacher,Mick Schumacher,haas,Haas F1 Team
2022,14,Belgian Grand Prix,2022-08-28,latifi,Nicholas Latifi,williams,Williams
2022,14,Belgian Grand Prix,2022-08-28,bottas,Valtteri Bottas,alfa,Alfa Romeo
2022,14,Belgian Grand Prix,2022-08-28,hamilton,Lewis Hamilton,mercedes,Mercedes
2022,15,Dutch Grand Prix,2022-09-04,max_verstappen,Max Verstappen,red_bull,Red Bull
2022,15,Dutch Grand Prix,2022-09-04,russell,George Russell,mercedes,Mercedes
2022,15,Dutch Grand Prix,2022-09-04,leclerc,Charles Leclerc,ferrari,Ferrari
2022,15,Dutch Grand Prix,2022-09-04,hamilton,Lewis Hamilton,mercedes,Mercedes
2022,15,Dutch Grand Prix,2022-09-04,perez,Sergio Pérez,red_bull,Red Bull
2022,15,Dutch Grand Prix,2022-09-04,alonso,Fernando Alonso,alpine,Alpine F1 Team
2022,15,Dutch Grand Prix,2022-09-04,norris,Lando Norris,mclaren,McLaren
2022,15,Dutch Grand Prix,2022-09-04,sainz,Carlos Sainz,ferrari,Ferrari
2022,15,Dutch Grand Prix,2022-09-04,ocon,Esteban Ocon,alpine,Alpine F1 Team
2022,15,Dutch Grand Prix,2022-09-04,stroll,Lance Stroll,aston_martin,Aston Martin
2022,15,Dutch Grand Prix,2022-09-04,gasly,Pierre Gasly,alphatauri,AlphaTauri
2022,15,Dutch Grand Prix,2022-09-04,albon,Alexander Albon,williams,Williams
2022,15,Dutch Grand Prix,2022-09-04,mick_schumacher,Mick Schumacher,haas,Haas F1 Team
2022,15,Dutch Grand Prix,2022-09-04,vettel,Sebastian Vettel,aston_martin,Aston Martin
2022,15,Dutch Grand Prix,2022-09-04,kevin_magnussen,Kevin Magnussen,haas,Haas F1 Team
2022,15,Dutch Grand Prix,2022-09-04,zhou,Guanyu Zhou,alfa,Alfa Romeo
2022,15,Dutch Grand Prix,2022-09-04,ricciardo,Daniel Ricciardo,mclaren,McLaren
2022,15,Dutch Grand Prix,2022-09-04,latifi,Nicholas Latifi,williams,Williams
2022,15,Dutch Grand Prix,2022-09-04,bottas,Valtteri Bottas,alfa,Alfa Romeo
2022,15,Dutch Grand Prix,2022-09-04,tsunoda,Yuki Tsunoda,alphatauri,AlphaTauri
2022,16,Italian Grand Prix,2022-09-11,max_verstappen,Max Verstappen,red_bull,Red Bull
2022,16,Italian Grand Prix,2022-09-11,leclerc,Charles Leclerc,ferrari,Ferrari
2022,16,Italian Grand Prix,2022-09-11,russell,George Russell,mercedes,Mercedes
2022,16,Italian Grand Prix,2022-09-11,sainz,Carlos Sainz,ferrari,Ferrari
2022,16,Italian Grand Prix,2022-09-11,hamilton,Lewis Hamilton,mercedes,Mercedes
2022,16,Italian Grand Prix,2022-09-11,perez,Sergio Pérez,red_bull,Red Bull
2022,16,Italian Grand Prix,2022-09-11,norris,Lando Norris,mclaren,McLaren
2022,16,Italian Grand Prix,2022-09-11,gasly,Pierre Gasly,alphatauri,AlphaTauri
2022,16,Italian Grand Prix,2022-09-11,de_vries,Nyck de Vries,williams,Williams
2022,16,Italian Grand Prix,2022-09-11,zhou,Guanyu Zhou,alfa,Alfa Romeo
2022,16,Italian Grand Prix,2022-09-11,ocon,Esteban Ocon,alpine,Alpine F1 Team
2022,16,Italian Grand Prix,2022-09-11,mick_schumacher,Mick Schumacher,haas,Haas F1 Team
2022,16,Italian Grand Prix,2022-09-11,bottas,Valtteri Bottas,alfa,Alfa Romeo
2022,16,Italian Grand Prix,2022-09-11,tsunoda,Yuki Tsunoda,alphatauri,AlphaTauri
2022,16,Italian Grand Prix,2022-09-11,latifi,Nicholas Latifi,williams,Williams
2022,16,Italian Grand Prix,2022-09-11,kevin_magnussen,Kevin Magnussen,haas,Haas F1 Team
2022,16,Italian Grand Prix,2022-09-11,ricciardo,Daniel Ricciardo,mclaren,McLaren
2022,16,Italian Grand Prix,2022-09-11,stroll,Lance Stroll,aston_martin,Aston Martin
2022,16,Italian Grand Prix,2022-09-11,alonso,Fernando Alonso,alpine,Alpine F1 Team
2022,16,Italian Grand Prix,2022-09-11,vettel,Sebastian Vettel,aston_martin,Aston Martin
2022,17,Singapore Grand Prix,2022-10-02,perez,Sergio Pérez,red_bull,Red Bull
2022,17,Singapore Grand Prix,2022-10-02,leclerc,Charles Leclerc,ferrari,Ferrari
2022,17,Singapore Grand Prix,2022-10-02,sainz,Carlos Sainz,ferrari,Ferrari
2022,17,Singapore Grand Prix,2022-10-02,norris,Lando Norris,mclaren,McLaren
2022,17,Singapore Grand Prix,2022-10-02,ricciardo,Daniel Ricciardo,mclaren,McLaren
2022,17,Singapore Grand Prix,2022-10-02,stroll,Lance Stroll,aston_martin,Aston Martin
2022,17,Singapore Grand Prix,2022-10-02,max_verstappen,Max Verstappen,red_bull,Red Bull
2022,17,Singapore Grand Prix,2022-10-02,vettel,Sebastian Vettel,aston_martin,Aston Martin
2022,17,Singapore Grand Prix,2022-10-02,hamilton,Lewis Hamilton,mercedes,Mercedes
2022,17,Singapore Grand Prix,2022-10-02,gasly,Pierre Gasly,alphatauri,AlphaTauri
2022,17,Singapore Grand Prix,2022-10-02,bottas,Valtteri Bottas,alfa,Alfa Romeo
2022,17,Singapore Grand Prix,2022-10-02,kevin_magnussen,Kevin Magnussen,haas,Haas F1 Team
2022,17,Singapore Grand Prix,2022-10-02,mick_schumacher,Mick Schumacher,haas,Haas F1 Team
2022,17,Singapore Grand Prix,2022-10-02,russell,George Russell,mercedes,Mercedes
2022,17,Singapore Grand Prix,2022-10-02,tsunoda,Yuki Tsunoda,alphatauri,AlphaTauri
2022,17,Singapore Grand Prix,2022-10-02,ocon,Esteban Ocon,alpine,Alpine F1 Team
2022,17,Singapore Grand Prix,2022-10-02,albon,Alexander Albon,williams,Williams
2022,17,Singapore Grand Prix,2022-10-02,alonso,Fernando Alonso,alpine,Alpine F1 Team
2022,17,Singapore Grand Prix,2022-10-02,latifi,Nicholas Latifi,williams,Williams
2022,17,Singapore Grand Prix,2022-10-02,zhou,Guanyu Zhou,alfa,Alfa Romeo
2022,18,Japanese Grand Prix,2022-10-09,max_verstappen,Max Verstappen,red_bull,Red Bull
2022,18,Japanese Grand Prix,2022-10-09,perez,Sergio Pérez,red_bull,Red Bull
2022,18,Japanese Grand Prix,2022-10-09,leclerc,Charles Leclerc,ferrari,Ferrari
2022,18,Japanese Grand Prix,2022-10-09,ocon,Esteban Ocon,alpine,Alpine F1 Team
2022,18,Japanese Grand Prix,2022-10-09,hamilton,Lewis Hamilton,mercedes,Mercedes
2022,18,Japanese Grand Prix,2022-10-09,vettel,Sebastian Vettel,aston_martin,Aston Martin
2022,18,Japanese Grand Prix,2022-10-09,alonso,Fernando Alonso,alpine,Alpine F1 Team
2022,18,Japanese Grand Prix,2022-10-09,russell,George Russell,mercedes,Mercedes
2022,18,Japanese Grand Prix,2022-10-09,latifi,Nicholas Latifi,williams,Williams
2022,18,Japanese Grand Prix,2022-10-09,norris,Lando Norris,mclaren,McLaren
2022,18,Japanese Grand Prix,2022-10-09,ricciardo,Daniel Ricciardo,mclaren,McLaren
2022,18,Japanese Grand Prix,2022-10-09,stroll,Lance Stroll,aston_martin,Aston Martin
2022,18,Japanese Grand Prix,2022-10-09,tsunoda,Yuki Tsunoda,alphatauri,AlphaTauri
2022,18,Japanese Grand Prix,2022-10-09,kevin_magnussen,Kevin Magnussen,haas,Haas F1 Team
2022,18,Japanese Grand Prix,2022-10-09,bottas,Valtteri Bottas,alfa,Alfa Romeo
2022,18,Japanese Grand Prix,2022-10-09,zhou,Guanyu Zhou,alfa,Alfa Romeo
2022,18,Japanese Grand Prix,2022-10-09,mick_schumacher,Mick Schumacher,haas,Haas F1 Team
2022,18,Japanese Grand Prix,2022-10-09,gasly,Pierre Gasly,alphatauri,AlphaTauri
2022,18,Japanese Grand Prix,2022-10-09,sainz,Carlos Sainz,ferrari,Ferrari
2022,18,Japanese Grand Prix,2022-10-09,albon,Alexander Albon,williams,Williams
2022,19,United States Grand Prix,2022-10-23,max_verstappen,Max Verstappen,red_bull,Red Bull
2022,19,United States Grand Prix,2022-10-23,hamilton,Lewis Hamilton,mercedes,Mercedes
2022,19,United States Grand Prix,2022-10-23,leclerc,Charles Leclerc,ferrari,Ferrari
2022,19,United States Grand Prix,2022-10-23,perez,Sergio Pérez,red_bull,Red Bull
2022,19,United States Grand Prix,2022-10-23,russell,George Russell,mercedes,Mercedes
2022,19,United States Grand Prix,2022-10-23,norris,Lando Norris,mclaren,McLaren
2022,19,United States Grand Prix,2022-10-23,alonso,Fernando Alonso,alpine,Alpine F1 Team
2022,19,United States Grand Prix,2022-10-23,vettel,Sebastian Vettel,aston_martin,Aston Martin
2022,19,United States Grand Prix,2022-10-23,kevin_magnussen,Kevin Magnussen,haas,Haas F1 Team
2022,19,United States Grand Prix,2022-10-23,tsunoda,Yuki Tsunoda,alphatauri,AlphaTauri
2022,19,United States Grand Prix,2022-10-23,ocon,Esteban Ocon,alpine,Alpine F1 Team
2022,19,United States Grand Prix,2022-10-23,zhou,Guanyu Zhou,alfa,Alfa Romeo
2022,19,United States Grand Prix,2022-10-23,albon,Alexander Albon,williams,Williams
2022,19,United States Grand Prix,2022-10-23,gasly,Pierre Gasly,alphatauri,AlphaTauri
2022,19,United States Grand Prix,2022-10-23,mick_schumacher,Mick Schumacher,haas,Haas F1 Team
2022,19,United States Grand Prix,2022-10-23,ricciardo,Daniel Ricciardo,mclaren,McLaren
2022,19,United States Grand Prix,2022-10-23,latifi,Nicholas Latifi,williams,Williams
2022,19,United States Grand Prix,2022-10-23,stroll,Lance Stroll,aston_martin,Aston Martin
2022,19,United States Grand Prix,2022-10-23,bottas,Valtteri Bottas,alfa,Alfa Romeo
2022,19,United States Grand Prix,2022-10-23,sainz,Carlos Sainz,ferrari,Ferrari
2022,20,Mexico City Grand Prix,2022-10-30,max_verstappen,Max Verstappen,red_bull,Red Bull
2022,20,Mexico City Grand Prix,2022-10-30,hamilton,Lewis Hamilton,mercedes,Mercedes
2022,20,Mexico City Grand Prix,2022-10-30,perez,Sergio Pérez,red_bull,Red Bull
2022,20,Mexico City Grand Prix,2022-10-30,russell,George Russell,mercedes,Mercedes
2022,20,Mexico City Grand Prix,2022-10-30,sainz,Carlos Sainz,ferrari,Ferrari
2022,20,Mexico City Grand Prix,2022-10-30,leclerc,Charles Leclerc,ferrari,Ferrari
2022,20,Mexico City Grand Prix,2022-10-30,ricciardo,Daniel Ricciardo,mclaren,McLaren
2022,20,Mexico City Grand Prix,2022-10-30,ocon,Esteban Ocon,alpine,Alpine F1 Team
2022,20,Mexico City Grand Prix,2022-10-30,norris,Lando Norris,mclaren,McLaren
2022,20,Mexico City Grand Prix,2022-10-30,bottas,Valtteri Bottas,alfa,Alfa Romeo
2022,20,Mexico City Grand Prix,2022-10-30,gasly,Pierre Gasly,alphatauri,AlphaTauri
2022,20,Mexico City Grand Prix,2022-10-30,albon,Alexander Albon,williams,Williams
2022,20,Mexico City Grand Prix,2022-10-30,zhou,Guanyu Zhou,alfa,Alfa Romeo
2022,20,Mexico City Grand Prix,2022-10-30,vettel,Sebastian Vettel,aston_martin,Aston Martin
2022,20,Mexico City Grand Prix,2022-10-30,stroll,Lance Stroll,aston_martin,Aston Martin
2022,20,Mexico City Grand Prix,2022-10-30,mick_schumacher,Mick Schumacher,haas,Haas F1 Team
2022,20,Mexico City Grand Prix,2022-10-30,kevin_magnussen,Kevin Magnussen,haas,Haas F1 Team
2022,20,Mexico City Grand Prix,2022-10-30,latifi,Nicholas Latifi,williams,Williams
2022,20,Mexico City Grand Prix,2022-10-30,alonso,Fernando Alonso,alpine,Alpine F1 Team
2022,20,Mexico City Grand Prix,2022-10-30,tsunoda,Yuki Tsunoda,alphatauri,AlphaTauri
2022,21,São Paulo Grand Prix,2022-11-13,russell,George Russell,mercedes,Mercedes
2022,21,São Paulo Grand Prix,2022-11-13,hamilton,Lewis Hamilton,mercedes,Mercedes
2022,21,São Paulo Grand Prix,2022-11-13,sainz,Carlos Sainz,ferrari,Ferrari
2022,21,São Paulo Grand Prix,2022-11-13,leclerc,Charles Leclerc,ferrari,Ferrari
2022,21,São Paulo Grand Prix,2022-11-13,alonso,Fernando Alonso,alpine,Alpine F1 Team
2022,21,São Paulo Grand Prix,2022-11-13,max_verstappen,Max Verstappen,red_bull,Red Bull
2022,21,São Paulo Grand Prix,2022-11-13,perez,Sergio Pérez,red_bull,Red Bull
2022,21,São Paulo Grand Prix,2022-11-13,ocon,Esteban Ocon,alpine,Alpine F1 Team
2022,21,São Paulo Grand Prix,2022-11-13,bottas,Valtteri Bottas,alfa,Alfa Romeo
2022,21,São Paulo Grand Prix,2022-11-13,stroll,Lance Stroll,aston_martin,Aston Martin
2022,21,São Paulo Grand Prix,2022-11-13,vettel,Sebastian Vettel,aston_martin,Aston Martin
2022,21,São Paulo Grand Prix,2022-11-13,zhou,Guanyu Zhou,alfa,Alfa Romeo
2022,21,São Paulo Grand Prix,2022-11-13,mick_schumacher,Mick Schumacher,haas,Haas F1 Team
2022,21,São Paulo Grand Prix,2022-11-13,gasly,Pierre Gasly,alphatauri,AlphaTauri
2022,21,São Paulo Grand Prix,2022-11-13,albon,Alexander Albon,williams,Williams
2022,21,São Paulo Grand Prix,2022-11-13,latifi,Nicholas Latifi,williams,Williams
2022,21,São Paulo Grand Prix,2022-11-13,tsunoda,Yuki Tsunoda,alphatauri,AlphaTauri
2022,21,São Paulo Grand Prix,2022-11-13,norris,Lando Norris,mclaren,McLaren
2022,21,São Paulo Grand Prix,2022-11-13,kevin_magnussen,Kevin Magnussen,haas,Haas F1 Team
2022,21,São Paulo Grand Prix,2022-11-13,ricciardo,Daniel Ricciardo,mclaren,McLaren
2022,22,Abu Dhabi Grand Prix,2022-11-20,max_verstappen,Max Verstappen,red_bull,Red Bull
2022,22,Abu Dhabi Grand Prix,2022-11-20,leclerc,Charles Leclerc,ferrari,Ferrari
2022,22,Abu Dhabi Grand Prix,2022-11-20,perez,Sergio Pérez,red_bull,Red Bull
2022,22,Abu Dhabi Grand Prix,2022-11-20,sainz,Carlos Sainz,ferrari,Ferrari
2022,22,Abu Dhabi Grand Prix,2022-11-20,russell,George Russell,mercedes,Mercedes
2022,22,Abu Dhabi Grand Prix,2022-11-20,norris,Lando Norris,mclaren,McLaren
2022,22,Abu Dhabi Grand Prix,2022-11-20,ocon,Esteban Ocon,alpine,Alpine F1 Team
2022,22,Abu Dhabi Grand Prix,2022-11-20,stroll,Lance Stroll,aston_martin,Aston Martin
2022,22,Abu Dhabi Grand Prix,2022-11-20,ricciardo,Daniel Ricciardo,mclaren,McLaren
2022,22,Abu Dhabi Grand Prix,2022-11-20,vettel,Sebastian Vettel,aston_martin,Aston Martin
2022,22,Abu Dhabi Grand Prix,2022-11-20,tsunoda,Yuki Tsunoda,alphatauri,AlphaTauri
2022,22,Abu Dhabi Grand Prix,2022-11-20,zhou,Guanyu Zhou,alfa,Alfa Romeo
2022,22,Abu Dhabi Grand Prix,2022-11-20,albon,Alexander Albon,williams,Williams
2022,22,Abu Dhabi Grand Prix,2022-11-20,gasly,Pierre Gasly,alphatauri,AlphaTauri
2022,22,Abu Dhabi Grand Prix,2022-11-20,bottas,Valtteri Bottas,alfa,Alfa Romeo
2022,22,Abu Dhabi Grand Prix,2022-11-20,mick_schumacher,Mick Schumacher,haas,Haas F1 Team
2022,22,Abu Dhabi Grand Prix,2022-11-20,kevin_magnussen,Kevin Magnussen,haas,Haas F1 Team
2022,22,Abu Dhabi Grand Prix,2022-11-20,hamilton,Lewis Hamilton,mercedes,Mercedes
2022,22,Abu Dhabi Grand Prix,2022-11-20,latifi,Nicholas Latifi,williams,Williams
2022,22,Abu Dhabi Grand Prix,2022-11-20,alonso,Fernando Alonso,alpine,Alpine F1 Team
2023,1,Bahrain Grand Prix,2023-03-05,max_verstappen,Max Verstappen,red_bull,Red Bull
2023,1,Bahrain Grand Prix,2023-03-05,perez,Sergio Pérez,red_bull,Red Bull
2023,1,Bahrain Grand Prix,2023-03-05,alonso,Fernando Alonso,aston_martin,Aston Martin
2023,1,Bahrain Grand Prix,2023-03-05,sainz,Carlos Sainz,ferrari,Ferrari
2023,1,Bahrain Grand Prix,2023-03-05,hamilton,Lewis Hamilton,mercedes,Mercedes
2023,1,Bahrain Grand Prix,2023-03-05,stroll,Lance Stroll,aston_martin,Aston Martin
2023,1,Bahrain Grand Prix,2023-03-05,russell,George Russell,mercedes,Mercedes
2023,1,Bahrain Grand Prix,2023-03-05,bottas,Valtteri Bottas,alfa,Alfa Romeo
2023,1,Bahrain Grand Prix,2023-03-05,gasly,Pierre Gasly,alpine,Alpine F1 Team
2023,1,Bahrain Grand Prix,2023-03-05,albon,Alexander Albon,williams,Williams
2023,1,Bahrain Grand Prix,2023-03-05,tsunoda,Yuki Tsunoda,alphatauri,AlphaTauri
2023,1,Bahrain Grand Prix,2023-03-05,sargeant,Logan Sargeant,williams,Williams
2023,1,Bahrain Grand Prix,2023-03-05,kevin_magnussen,Kevin Magnussen,haas,Haas F1 Team
2023,1,Bahrain Grand Prix,2023-03-05,de_vries,Nyck de Vries,alphatauri,AlphaTauri
2023,1,Bahrain Grand Prix,2023-03-05,hulkenberg,Nico Hülkenberg,haas,Haas F1 Team
2023,1,Bahrain Grand Prix,2023-03-05,zhou,Guanyu Zhou,alfa,Alfa Romeo
2023,1,Bahrain Grand Prix,2023-03-05,norris,Lando Norris,mclaren,McLaren
2023,1,Bahrain Grand Prix,2023-03-05,ocon,Esteban Ocon,alpine,Alpine F1 Team
2023,1,Bahrain Grand Prix,2023-03-05,leclerc,Charles Leclerc,ferrari,Ferrari
2023,1,Bahrain Grand Prix,2023-03-05,piastri,Oscar Piastri,mclaren,McLaren
2023,2,Saudi Arabian Grand Prix,2023-03-19,perez,Sergio Pérez,red_bull,Red Bull
2023,2,Saudi Arabian Grand Prix,2023-03-19,max_verstappen,Max Verstappen,red_bull,Red Bull
2023,2,Saudi Arabian Grand Prix,2023-03-19,alonso,Fernando Alonso,aston_martin,Aston Martin
2023,2,Saudi Arabian Grand Prix,2023-03-19,russell,George Russell,mercedes,Mercedes
2023,2,Saudi Arabian Grand Prix,2023-03-19,hamilton,Lewis Hamilton,mercedes,Mercedes
2023,2,Saudi Arabian Grand Prix,2023-03-19,sainz,Carlos Sainz,ferrari,Ferrari
2023,2,Saudi Arabian Grand Prix,2023-03-19,leclerc,Charles Leclerc,ferrari,Ferrari
2023,2,Saudi Arabian Grand Prix,2023-03-19,ocon,Esteban Ocon,alpine,Alpine F1 Team
2023,2,Saudi Arabian Grand Prix,2023-03-19,gasly,Pierre Gasly,alpine,Alpine F1 Team
2023,2,Saudi Arabian Grand Prix,2023-03-19,kevin_magnussen,Kevin Magnussen,haas,Haas F1 Team
2023,2,Saudi Arabian Grand Prix,2023-03-19,tsunoda,Yuki Tsunoda,alphatauri,AlphaTauri
2023,2,Saudi Arabian Grand Prix,2023-03-19,hulkenberg,Nico Hülkenberg,haas,Haas F1 Team
2023,2,Saudi Arabian Grand Prix,2023-03-19,zhou,Guanyu Zhou,alfa,Alfa Romeo
2023,2,Saudi Arabian Grand Prix,2023-03-19,de_vries,Nyck de Vries,alphatauri,AlphaTauri
2023,2,Saudi Arabian Grand Prix,2023-03-19,piastri,Oscar Piastri,mclaren,McLaren
2023,2,Saudi Arabian Grand Prix,2023-03-19,sargeant,Logan Sargeant,williams,Williams
2023,2,Saudi Arabian Grand Prix,2023-03-19,norris,Lando Norris,mclaren,McLaren
2023,2,Saudi Arabian Grand Prix,2023-03-19,bottas,Valtteri Bottas,alfa,Alfa Romeo
2023,2,Saudi Arabian Grand Prix,2023-03-19,albon,Alexander Albon,williams,Williams
2023,2,Saudi Arabian Grand Prix,2023-03-19,stroll,Lance Stroll,aston_martin,Aston Martin
2023,3,Australian Grand Prix,2023-04-02,max_verstappen,Max Verstappen,red_bull,Red Bull
2023,3,Australian Grand Prix,2023-04-02,hamilton,Lewis Hamilton,mercedes,Mercedes
2023,3,Australian Grand Prix,2023-04-02,alonso,Fernando Alonso,aston_martin,Aston Martin
2023,3,Australian Grand Prix,2023-04-02,stroll,Lance Stroll,aston_martin,Aston Martin
2023,3,Australian Grand Prix,2023-04-02,perez,Sergio Pérez,red_bull,Red Bull
2023,3,Australian Grand Prix,2023-04-02,norris,Lando Norris,mclaren,McLaren
2023,3,Australian Grand Prix,2023-04-02,hulkenberg,Nico Hülkenberg,haas,Haas F1 Team
2023,3,Australian Grand Prix,2023-04-02,piastri,Oscar Piastri,mclaren,McLaren
2023,3,Australian Grand Prix,2023-04-02,zhou,Guanyu Zhou,alfa,Alfa Romeo
2023,3,Australian Grand Prix,2023-04-02,tsunoda,Yuki Tsunoda,alphatauri,AlphaTauri
2023,3,Australian Grand Prix,2023-04-02,bottas,Valtteri Bottas,alfa,Alfa Romeo
2023,3,Australian Grand Prix,2023-04-02,sainz,Carlos Sainz,ferrari,Ferrari
2023,3,Australian Grand Prix,2023-04-02,gasly,Pierre Gasly,alpine,Alpine F1 Team
2023,3,Australian Grand Prix,2023-04-02,ocon,Esteban Ocon,alpine,Alpine F1 Team
2023,3,Australian Grand Prix,2023-04-02,de_vries,Nyck de Vries,alphatauri,AlphaTauri
2023,3,Australian Grand Prix,2023-04-02,sargeant,Logan Sargeant,williams,Williams
2023,3,Australian Grand Prix,2023-04-02,kevin_magnussen,Kevin Magnussen,haas,Haas F1 Team
2023,3,Australian Grand Prix,2023-04-02,russell,George Russell,mercedes,Mercedes
2023,3,Australian Grand Prix,2023-04-02,albon,Alexander Albon,williams,Williams
2023,3,Australian Grand Prix,2023-04-02,leclerc,Charles Leclerc,ferrari,Ferrari
2023,4,Azerbaijan Grand Prix,2023-04-30,perez,Sergio Pérez,red_bull,Red Bull
2023,4,Azerbaijan Grand Prix,2023-04-30,max_verstappen,Max Verstappen,red_bull,Red Bull
2023,4,Azerbaijan Grand Prix,2023-04-30,leclerc,Charles Leclerc,ferrari,Ferrari
2023,4,Azerbaijan Grand Prix,2023-04-30,alonso,Fernando Alonso,aston_martin,Aston Martin
2023,4,Azerbaijan Grand Prix,2023-04-30,sainz,Carlos Sainz,ferrari,Ferrari
2023,4,Azerbaijan Grand Prix,2023-04-30,hamilton,Lewis Hamilton,mercedes,Mercedes
2023,4,Azerbaijan Grand Prix,2023-04-30,stroll,Lance Stroll,aston_martin,Aston Martin
2023,4,Azerbaijan Grand Prix,2023-04-30,russell,George Russell,mercedes,Mercedes
2023,4,Azerbaijan Grand Prix,2023-04-30,norris,Lando Norris,mclaren,McLaren
2023,4,Azerbaijan Grand Prix,2023-04-30,tsunoda,Yuki Tsunoda,alphatauri,AlphaTauri
2023,4,Azerbaijan Grand Prix,2023-04-30,piastri,Oscar Piastri,mclaren,McLaren
2023,4,Azerbaijan Grand Prix,2023-04-30,albon,Alexander Albon,williams,Williams
2023,4,Azerbaijan Grand Prix,2023-04-30,kevin_magnussen,Kevin Magnussen,haas,Haas F1 Team
2023,4,Azerbaijan Grand Prix,2023-04-30,gasly,Pierre Gasly,alpine,Alpine F1 Team
2023,4,Azerbaijan Grand Prix,2023-04-30,ocon,Esteban Ocon,alpine,Alpine F1 Team
2023,4,Azerbaijan Grand Prix,2023-04-30,sargeant,Logan Sargeant,williams,Williams
2023,4,Azerbaijan Grand Prix,2023-04-30,hulkenberg,Nico Hülkenberg,haas,Haas F1 Team
2023,4,Azerbaijan Grand Prix,2023-04-30,bottas,Valtteri Bottas,alfa,Alfa Romeo
2023,4,Azerbaijan Grand Prix,2023-04-30,zhou,Guanyu Zhou,alfa,Alfa Romeo
2023,4,Azerbaijan Grand Prix,2023-04-30,de_vries,Nyck de Vries,alphatauri,AlphaTauri
2023,5,Miami Grand Prix,2023-05-07,max_verstappen,Max Verstappen,red_bull,Red Bull
2023,5,Miami Grand Prix,2023-05-07,perez,Sergio Pérez,red_bull,Red Bull
2023,5,Miami Grand Prix,2023-05-07,alonso,Fernando Alonso,aston_martin,Aston Martin
2023,5,Miami Grand Prix,2023-05-07,russell,George Russell,mercedes,Mercedes
2023,5,Miami Grand Prix,2023-05-07,sainz,Carlos Sainz,ferrari,Ferrari
2023,5,Miami Grand Prix,2023-05-07,hamilton,Lewis Hamilton,mercedes,Mercedes
2023,5,Miami Grand Prix,2023-05-07,leclerc,Charles Leclerc,ferrari,Ferrari
2023,5,Miami Grand Prix,2023-05-07,gasly,Pierre Gasly,alpine,Alpine F1 Team
2023,5,Miami Grand Prix,2023-05-07,ocon,Esteban Ocon,alpine,Alpine F1 Team
2023,5,Miami Grand Prix,2023-05-07,kevin_magnussen,Kevin Magnussen,haas,Haas F1 Team
2023,5,Miami Grand Prix,2023-05-07,tsunoda,Yuki Tsunoda,alphatauri,AlphaTauri
2023,5,Miami Grand Prix,2023-05-07,stroll,Lance Stroll,aston_martin,Aston Martin
2023,5,Miami Grand Prix,2023-05-07,bottas,Valtteri Bottas,alfa,Alfa Romeo
2023,5,Miami Grand Prix,2023-05-07,albon,Alexander Albon,williams,Williams
2023,5,Miami Grand Prix,2023-05-07,hulkenberg,Nico Hülkenberg,haas,Haas F1 Team
2023,5,Miami Grand Prix,2023-05-07,zhou,Guanyu Zhou,alfa,Alfa Romeo
2023,5,Miami Grand Prix,2023-05-07,norris,Lando Norris,mclaren,McLaren
2023,5,Miami Grand Prix,2023-05-07,de_vries,Nyck de Vries,alphatauri,AlphaTauri
2023,5,Miami Grand Prix,2023-05-07,piastri,Oscar Piastri,mclaren,McLaren
2023,5,Miami Grand Prix,2023-05-07,sargeant,Logan Sargeant,williams,Williams
2023,6,Monaco Grand Prix,2023-05-28,max_verstappen,Max Verstappen,red_bull,Red Bull
2023,6,Monaco Grand Prix,2023-05-28,alonso,Fernando Alonso,aston_martin,Aston Martin
2023,6,Monaco Grand Prix,2023-05-28,ocon,Esteban Ocon,alpine,Alpine F1 Team
2023,6,Monaco Grand Prix,2023-05-28,hamilton,Lewis Hamilton,mercedes,Mercedes
2023,6,Monaco Grand Prix,2023-05-28,russell,George Russell,mercedes,Mercedes
2023,6,Monaco Grand Prix,2023-05-28,leclerc,Charles Leclerc,ferrari,Ferrari
2023,6,Monaco Grand Prix,2023-05-28,gasly,Pierre Gasly,alpine,Alpine F1 Team
2023,6,Monaco Grand Prix,2023-05-28,sainz,Carlos Sainz,ferrari,Ferrari
2023,6,Monaco Grand Prix,2023-05-28,norris,Lando Norris,mclaren,McLaren
2023,6,Monaco Grand Prix,2023-05-28,piastri,Oscar Piastri,mclaren,McLaren
2023,6,Monaco Grand Prix,2023-05-28,bottas,Valtteri Bottas,alfa,Alfa Romeo
2023,6,Monaco Grand Prix,2023-05-28,de_vries,Nyck de Vries,alphatauri,AlphaTauri
2023,6,Monaco Grand Prix,2023-05-28,zhou,Guanyu Zhou,alfa,Alfa Romeo
2023,6,Monaco Grand Prix,2023-05-28,albon,Alexander Albon,williams,Williams
2023,6,Monaco Grand Prix,2023-05-28,tsunoda,Yuki Tsunoda,alphatauri,AlphaTauri
2023,6,Monaco Grand Prix,2023-05-28,perez,Sergio Pérez,red_bull,Red Bull
2023,6,Monaco Grand Prix,2023-05-28,hulkenberg,Nico Hülkenberg,haas,Haas F1 Team
2023,6,Monaco Grand Prix,2023-05-28,sargeant,Logan Sargeant,williams,Williams
2023,6,Monaco Grand Prix,2023-05-28,kevin_magnussen,Kevin Magnussen,haas,Haas F1 Team
2023,6,Monaco Grand Prix,2023-05-28,stroll,Lance Stroll,aston_martin,Aston Martin
2023,7,Spanish Grand Prix,2023-06-04,max_verstappen,Max Verstappen,red_bull,Red Bull
2023,7,Spanish Grand Prix,2023-06-04,hamilton,Lewis Hamilton,mercedes,Mercedes
2023,7,Spanish Grand Prix,2023-06-04,russell,George Russell,mercedes,Mercedes
2023,7,Spanish Grand Prix,2023-06-04,perez,Sergio Pérez,red_bull,Red Bull
2023,7,Spanish Grand Prix,2023-06-04,sainz,Carlos Sainz,ferrari,Ferrari
2023,7,Spanish Grand Prix,2023-06-04,stroll,Lance Stroll,aston_martin,Aston Martin
2023,7,Spanish Grand Prix,2023-06-04,alonso,Fernando Alonso,aston_martin,Aston Martin
2023,7,Spanish Grand Prix,2023-06-04,ocon,Esteban Ocon,alpine,Alpine F1 Team
2023,7,Spanish Grand Prix,2023-06-04,zhou,Guanyu Zhou,alfa,Alfa Romeo
2023,7,Spanish Grand Prix,2023-06-04,gasly,Pierre Gasly,alpine,Alpine F1 Team
2023,7,Spanish Grand Prix,2023-06-04,leclerc,Charles Leclerc,ferrari,Ferrari
2023,7,Spanish Grand Prix,2023-06-04,tsunoda,Yuki Tsunoda,alphatauri,AlphaTauri
2023,7,Spanish Grand Prix,2023-06-04,piastri,Oscar Piastri,mclaren,McLaren
2023,7,Spanish Grand Prix,2023-06-04,de_vries,Nyck de Vries,alphatauri,AlphaTauri
2023,7,Spanish Grand Prix,2023-06-04,hulkenberg,Nico Hülkenberg,haas,Haas F1 Team
2023,7,Spanish Grand Prix,2023-06-04,albon,Alexander Albon,williams,Williams
2023,7,Spanish Grand Prix,2023-06-04,norris,Lando Norris,mclaren,McLaren
2023,7,Spanish Grand Prix,2023-06-04,kevin_magnussen,Kevin Magnussen,haas,Haas F1 Team
2023,7,Spanish Grand Prix,2023-06-04,bottas,Valtteri Bottas,alfa,Alfa Romeo
2023,7,Spanish Grand Prix,2023-06-04,sargeant,Logan Sargeant,williams,Williams
2023,8,Canadian Grand Prix,2023-06-18,max_verstappen,Max Verstappen,red_bull,Red Bull
2023,8,Canadian Grand Prix,2023-06-18,alonso,Fernando Alonso,aston_martin,Aston Martin
2023,8,Canadian Grand Prix,2023-06-18,hamilton,Lewis Hamilton,mercedes,Mercedes
2023,8,Canadian Grand Prix,2023-06-18,leclerc,Charles Leclerc,ferrari,Ferrari
2023,8,Canadian Grand Prix,2023-06-18,sainz,Carlos Sainz,ferrari,Ferrari
2023,8,Canadian Grand Prix,2023-06-18,perez,Sergio Pérez,red_bull,Red Bull
2023,8,Canadian Grand Prix,2023-06-18,albon,Alexander Albon,williams,Williams
2023,8,Canadian Grand Prix,2023-06-18,ocon,Esteban Ocon,alpine,Alpine F1 Team
2023,8,Canadian Grand Prix,2023-06-18,stroll,Lance Stroll,aston_martin,Aston Martin
2023,8,Canadian Grand Prix,2023-06-18,bottas,Valtteri Bottas,alfa,Alfa Romeo
2023,8,Canadian Grand Prix,2023-06-18,piastri,Oscar Piastri,mclaren,McLaren
2023,8,Canadian Grand Prix,2023-06-18,gasly,Pierre Gasly,alpine,Alpine F1 Team
2023,8,Canadian Grand Prix,2023-06-18,norris,Lando Norris,mclaren,McLaren
2023,8,Canadian Grand Prix,2023-06-18,tsunoda,Yuki Tsunoda,alphatauri,AlphaTauri
2023,8,Canadian Grand Prix,2023-06-18,hulkenberg,Nico Hülkenberg,haas,Haas F1 Team
2023,8,Canadian Grand Prix,2023-06-18,zhou,Guanyu Zhou,alfa,Alfa Romeo
2023,8,Canadian Grand Prix,2023-06-18,kevin_magnussen,Kevin Magnussen,haas,Haas F1 Team
2023,8,Canadian Grand Prix,2023-06-18,de_vries,Nyck de Vries,alphatauri,AlphaTauri
2023,8,Canadian Grand Prix,2023-06-18,russell,George Russell,mercedes,Mercedes
2023,8,Canadian Grand Prix,2023-06-18,sargeant,Logan Sargeant,williams,Williams
2023,9,Austrian Grand Prix,2023-07-02,max_verstappen,Max Verstappen,red_bull,Red Bull
2023,9,Austrian Grand Prix,2023-07-02,leclerc,Charles Leclerc,ferrari,Ferrari
2023,9,Austrian Grand Prix,2023-07-02,perez,Sergio Pérez,red_bull,Red Bull
2023,9,Austrian Grand Prix,2023-07-02,norris,Lando Norris,mclaren,McLaren
2023,9,Austrian Grand Prix,2023-07-02,alonso,Fernando Alonso,aston_martin,Aston Martin
2023,9,Austrian Grand Prix,2023-07-02,sainz,Carlos Sainz,ferrari,Ferrari
2023,9,Austrian Grand Prix,2023-07-02,russell,George Russell,mercedes,Mercedes
2023,9,Austrian Grand Prix,2023-07-02,hamilton,Lewis Hamilton,mercedes,Mercedes
2023,9,Austrian Grand Prix,2023-07-02,stroll,Lance Stroll,aston_martin,Aston Martin
2023,9,Austrian Grand Prix,2023-07-02,gasly,Pierre Gasly,alpine,Alpine F1 Team
2023,9,Austrian Grand Prix,2023-07-02,albon,Alexander Albon,williams,Williams
2023,9,Austrian Grand Prix,2023-07-02,zhou,Guanyu Zhou,alfa,Alfa Romeo
2023,9,Austrian Grand Prix,2023-07-02,sargeant,Logan Sargeant,williams,Williams
2023,9,Austrian Grand Prix,2023-07-02,ocon,Esteban Ocon,alpine,Alpine F1 Team
2023,9,Austrian Grand Prix,2023-07-02,bottas,Valtteri Bottas,alfa,Alfa Romeo
2023,9,Austrian Grand Prix,2023-07-02,piastri,Oscar Piastri,mclaren,McLaren
2023,9,Austrian Grand Prix,2023-07-02,de_vries,Nyck de Vries,alphatauri,AlphaTauri
2023,9,Austrian Grand Prix,2023-07-02,kevin_magnussen,Kevin Magnussen,haas,Haas F1 Team
2023,9,Austrian Grand Prix,2023-07-02,tsunoda,Yuki Tsunoda,alphatauri,AlphaTauri
2023,9,Austrian Grand Prix,2023-07-02,hulkenberg,Nico Hülkenberg,haas,Haas F1 Team
2023,10,British Grand Prix,2023-07-09,max_verstappen,Max Verstappen,red_bull,Red Bull
2023,10,British Grand Prix,2023-07-09,norris,Lando Norris,mclaren,McLaren
2023,10,British Grand Prix,2023-07-09,hamilton,Lewis Hamilton,mercedes,Mercedes
2023,10,British Grand Prix,2023-07-09,piastri,Oscar Piastri,mclaren,McLaren
2023,10,British Grand Prix,2023-07-09,russell,George Russell,mercedes,Mercedes
2023,10,British Grand Prix,2023-07-09,perez,Sergio Pérez,red_bull,Red Bull
2023,10,British Grand Prix,2023-07-09,alonso,Fernando Alonso,aston_martin,Aston Martin
2023,10,British Grand Prix,2023-07-09,albon,Alexander Albon,williams,Williams
2023,10,British Grand Prix,2023-07-09,leclerc,Charles Leclerc,ferrari,Ferrari
2023,10,British Grand Prix,2023-07-09,sainz,Carlos Sainz,ferrari,Ferrari
2023,10,British Grand Prix,2023-07-09,sargeant,Logan Sargeant,williams,Williams
2023,10,British Grand Prix,2023-07-09,bottas,Valtteri Bottas,alfa,Alfa Romeo
2023,10,British Grand Prix,2023-07-09,hulkenberg,Nico Hülkenberg,haas,Haas F1 Team
2023,10,British Grand Prix,2023-07-09,stroll,Lance Stroll,aston_martin,Aston Martin
2023,10,British Grand Prix,2023-07-09,zhou,Guanyu Zhou,alfa,Alfa Romeo
2023,10,British Grand Prix,2023-07-09,tsunoda,Yuki Tsunoda,alphatauri,AlphaTauri
2023,10,British Grand Prix,2023-07-09,de_vries,Nyck de Vries,alphatauri,AlphaTauri
2023,10,British Grand Prix,2023-07-09,gasly,Pierre Gasly,alpine,Alpine F1 Team
2023,10,British Grand Prix,2023-07-09,kevin_magnussen,Kevin Magnussen,haas,Haas F1 Team
2023,10,British Grand Prix,2023-07-09,ocon,Esteban Ocon,alpine,Alpine F1 Team
2023,11,Hungarian Grand Prix,2023-07-23,max_verstappen,Max Verstappen,red_bull,Red Bull
2023,11,Hungarian Grand Prix,2023-07-23,norris,Lando Norris,mclaren,McLaren
2023,11,Hungarian Grand Prix,2023-07-23,perez,Sergio Pérez,red_bull,Red Bull
2023,11,Hungarian Grand Prix,2023-07-23,hamilton,Lewis Hamilton,mercedes,Mercedes
2023,11,Hungarian Grand Prix,2023-07-23,piastri,Oscar Piastri,mclaren,McLaren
2023,11,Hungarian Grand Prix,2023-07-23,russell,George Russell,mercedes,Mercedes
2023,11,Hungarian Grand Prix,2023-07-23,leclerc,Charles Leclerc,ferrari,Ferrari
2023,11,Hungarian Grand Prix,2023-07-23,sainz,Carlos Sainz,ferrari,Ferrari
2023,11,Hungarian Grand Prix,2023-07-23,alonso,Fernando Alonso,aston_martin,Aston Martin
2023,11,Hungarian Grand Prix,2023-07-23,stroll,Lance Stroll,aston_martin,Aston Martin
2023,11,Hungarian Grand Prix,2023-07-23,albon,Alexander Albon,williams,Williams
2023,11,Hungarian Grand Prix,2023-07-23,bottas,Valtteri Bottas,alfa,Alfa Romeo
2023,11,Hungarian Grand Prix,2023-07-23,ricciardo,Daniel Ricciardo,alphatauri,AlphaTauri
2023,11,Hungarian Grand Prix,2023-07-23,hulkenberg,Nico Hülkenberg,haas,Haas F1 Team
2023,11,Hungarian Grand Prix,2023-07-23,tsunoda,Yuki Tsunoda,alphatauri,AlphaTauri
2023,11,Hungarian Grand Prix,2023-07-23,zhou,Guanyu Zhou,alfa,Alfa Romeo
2023,11,Hungarian Grand Prix,2023-07-23,kevin_magnussen,Kevin Magnussen,haas,Haas F1 Team
2023,11,Hungarian Grand Prix,2023-07-23,sargeant,Logan Sargeant,williams,Williams
2023,11,Hungarian Grand Prix,2023-07-23,ocon,Esteban Ocon,alpine,Alpine F1 Team
2023,11,Hungarian Grand Prix,2023-07-23,gasly,Pierre Gasly,alpine,Alpine F1 Team
2023,12,Belgian Grand Prix,2023-07-30,max_verstappen,Max Verstappen,red_bull,Red Bull
2023,12,Belgian Grand Prix,2023-07-30,perez,Sergio Pérez,red_bull,Red Bull
2023,12,Belgian Grand Prix,2023-07-30,leclerc,Charles Leclerc,ferrari,Ferrari
2023,12,Belgian Grand Prix,2023-07-30,hamilton,Lewis Hamilton,mercedes,Mercedes
2023,12,Belgian Grand Prix,2023-07-30,alonso,Fernando Alonso,aston_martin,Aston Martin
2023,12,Belgian Grand Prix,2023-07-30,russell,George Russell,mercedes,Mercedes
2023,12,Belgian Grand Prix,2023-07-30,norris,Lando Norris,mclaren,McLaren
2023,12,Belgian Grand Prix,2023-07-30,ocon,Esteban Ocon,alpine,Alpine F1 Team
2023,12,Belgian Grand Prix,2023-07-30,stroll,Lance Stroll,aston_martin,Aston Martin
2023,12,Belgian Grand Prix,2023-07-30,tsunoda,Yuki Tsunoda,alphatauri,AlphaTauri
2023,12,Belgian Grand Prix,2023-07-30,gasly,Pierre Gasly,alpine,Alpine F1 Team
2023,12,Belgian Grand Prix,2023-07-30,bottas,Valtteri Bottas,alfa,Alfa Romeo
2023,12,Belgian Grand Prix,2023-07-30,zhou,Guanyu Zhou,alfa,Alfa Romeo
2023,12,Belgian Grand Prix,2023-07-30,albon,Alexander Albon,williams,Williams
2023,12,Belgian Grand Prix,2023-07-30,kevin_magnussen,Kevin Magnussen,haas,Haas F1 Team
2023,12,Belgian Grand Prix,2023-07-30,ricciardo,Daniel Ricciardo,alphatauri,AlphaTauri
2023,12,Belgian Grand Prix,2023-07-30,sargeant,Logan Sargeant,williams,Williams
2023,12,Belgian Grand Prix,2023-07-30,hulkenberg,Nico Hülkenberg,haas,Haas F1 Team
2023,12,Belgian Grand Prix,2023-07-30,sainz,Carlos Sainz,ferrari,Ferrari
2023,12,Belgian Grand Prix,2023-07-30,piastri,Oscar Piastri,mclaren,McLaren
2023,13,Dutch Grand Prix,2023-08-27,max_verstappen,Max Verstappen,red_bull,Red Bull
2023,13,Dutch Grand Prix,2023-08-27,alonso,Fernando Alonso,aston_martin,Aston Martin
2023,13,Dutch Grand Prix,2023-08-27,gasly,Pierre Gasly,alpine,Alpine F1 Team
2023,13,Dutch Grand Prix,2023-08-27,perez,Sergio Pérez,red_bull,Red Bull
2023,13,Dutch Grand Prix,2023-08-27,sainz,Carlos Sainz,ferrari,Ferrari
2023,13,Dutch Grand Prix,2023-08-27,hamilton,Lewis Hamilton,mercedes,Mercedes
2023,13,Dutch Grand Prix,2023-08-27,norris,Lando Norris,mclaren,McLaren
2023,13,Dutch Grand Prix,2023-08-27,albon,Alexander Albon,williams,Williams
2023,13,Dutch Grand Prix,2023-08-27,piastri,Oscar Piastri,mclaren,McLaren
2023,13,Dutch Grand Prix,2023-08-27,ocon,Esteban Ocon,alpine,Alpine F1 Team
2023,13,Dutch Grand Prix,2023-08-27,stroll,Lance Stroll,aston_martin,Aston Martin
2023,13,Dutch Grand Prix,2023-08-27,hulkenberg,Nico Hülkenberg,haas,Haas F1 Team
2023,13,Dutch Grand Prix,2023-08-27,lawson,Liam Lawson,alphatauri,AlphaTauri
2023,13,Dutch Grand Prix,2023-08-27,bottas,Valtteri Bottas,alfa,Alfa Romeo
2023,13,Dutch Grand Prix,2023-08-27,tsunoda,Yuki Tsunoda,alphatauri,AlphaTauri
2023,13,Dutch Grand Prix,2023-08-27,kevin_magnussen,Kevin Magnussen,haas,Haas F1 Team
2023,13,Dutch Grand Prix,2023-08-27,russell,George Russell,mercedes,Mercedes
2023,13,Dutch Grand Prix,2023-08-27,zhou,Guanyu Zhou,alfa,Alfa Romeo
2023,13,Dutch Grand Prix,2023-08-27,leclerc,Charles Leclerc,ferrari,Ferrari
2023,13,Dutch Grand Prix,2023-08-27,sargeant,Logan Sargeant,williams,Williams
2023,14,Italian Grand Prix,2023-09-03,max_verstappen,Max Verstappen,red_bull,Red Bull
2023,14,Italian Grand Prix,2023-09-03,perez,Sergio Pérez,red_bull,Red Bull
2023,14,Italian Grand Prix,2023-09-03,sainz,Carlos Sainz,ferrari,Ferrari
2023,14,Italian Grand Prix,2023-09-03,leclerc,Charles Leclerc,ferrari,Ferrari
2023,14,Italian Grand Prix,2023-09-03,russell,George Russell,mercedes,Mercedes
2023,14,Italian Grand Prix,2023-09-03,hamilton,Lewis Hamilton,mercedes,Mercedes
2023,14,Italian Grand Prix,2023-09-03,albon,Alexander Albon,williams,Williams
2023,14,Italian Grand Prix,2023-09-03,norris,Lando Norris,mclaren,McLaren
2023,14,Italian Grand Prix,2023-09-03,alonso,Fernando Alonso,aston_martin,Aston Martin
2023,14,Italian Grand Prix,2023-09-03,bottas,Valtteri Bottas,alfa,Alfa Romeo
2023,14,Italian Grand Prix,2023-09-03,lawson,Liam Lawson,alphatauri,AlphaTauri
2023,14,Italian Grand Prix,2023-09-03,piastri,Oscar Piastri,mclaren,McLaren
2023,14,Italian Grand Prix,2023-09-03,sargeant,Logan Sargeant,williams,Williams
2023,14,Italian Grand Prix,2023-09-03,zhou,Guanyu Zhou,alfa,Alfa Romeo
2023,14,Italian Grand Prix,2023-09-03,gasly,Pierre Gasly,alpine,Alpine F1 Team
2023,14,Italian Grand Prix,2023-09-03,stroll,Lance Stroll,aston_martin,Aston Martin
2023,14,Italian Grand Prix,2023-09-03,hulkenberg,Nico Hülkenberg,haas,Haas F1 Team
2023,14,Italian Grand Prix,2023-09-03,kevin_magnussen,Kevin Magnussen,haas,Haas F1 Team
2023,14,Italian Grand Prix,2023-09-03,ocon,Esteban Ocon,alpine,Alpine F1 Team
2023,14,Italian Grand Prix,2023-09-03,tsunoda,Yuki Tsunoda,alphatauri,AlphaTauri
2023,15,Singapore Grand Prix,2023-09-17,sainz,Carlos Sainz,ferrari,Ferrari
2023,15,Singapore Grand Prix,2023-09-17,norris,Lando Norris,mclaren,McLaren
2023,15,Singapore Grand Prix,2023-09-17,hamilton,Lewis Hamilton,mercedes,Mercedes
2023,15,Singapore Grand Prix,2023-09-17,leclerc,Charles Leclerc,ferrari,Ferrari
2023,15,Singapore Grand Prix,2023-09-17,max_verstappen,Max Verstappen,red_bull,Red Bull
2023,15,Singapore Grand Prix,2023-09-17,gasly,Pierre Gasly,alpine,Alpine F1 Team
2023,15,Singapore Grand Prix,2023-09-17,piastri,Oscar Piastri,mclaren,McLaren
2023,15,Singapore Grand Prix,2023-09-17,perez,Sergio Pérez,red_bull,Red Bull
2023,15,Singapore Grand Prix,2023-09-17,lawson,Liam Lawson,alphatauri,AlphaTauri
2023,15,Singapore Grand Prix,2023-09-17,kevin_magnussen,Kevin Magnussen,haas,Haas F1 Team
2023,15,Singapore Grand Prix,2023-09-17,albon,Alexander Albon,williams,Williams
2023,15,Singapore Grand Prix,2023-09-17,zhou,Guanyu Zhou,alfa,Alfa Romeo
2023,15,Singapore Grand Prix,2023-09-17,hulkenberg,Nico Hülkenberg,haas,Haas F1 Team
2023,15,Singapore Grand Prix,2023-09-17,sargeant,Logan Sargeant,williams,Williams
2023,15,Singapore Grand Prix,2023-09-17,alonso,Fernando Alonso,aston_martin,Aston Martin
2023,15,Singapore Grand Prix,2023-09-17,russell,George Russell,mercedes,Mercedes
2023,15,Singapore Grand Prix,2023-09-17,bottas,Valtteri Bottas,alfa,Alfa Romeo
2023,15,Singapore Grand Prix,2023-09-17,ocon,Esteban Ocon,alpine,Alpine F1 Team
2023,15,Singapore Grand Prix,2023-09-17,tsunoda,Yuki Tsunoda,alphatauri,AlphaTauri
2023,15,Singapore Grand Prix,2023-09-17,stroll,Lance Stroll,aston_martin,Aston Martin
2023,16,Japanese Grand Prix,2023-09-24,max_verstappen,Max Verstappen,red_bull,Red Bull
2023,16,Japanese Grand Prix,2023-09-24,norris,Lando Norris,mclaren,McLaren
2023,16,Japanese Grand Prix,2023-09-24,piastri,Oscar Piastri,mclaren,McLaren
2023,16,Japanese Grand Prix,2023-09-24,leclerc,Charles Leclerc,ferrari,Ferrari
2023,16,Japanese Grand Prix,2023-09-24,hamilton,Lewis Hamilton,mercedes,Mercedes
2023,16,Japanese Grand Prix,2023-09-24,sainz,Carlos Sainz,ferrari,Ferrari
2023,16,Japanese Grand Prix,2023-09-24,russell,George Russell,mercedes,Mercedes
2023,16,Japanese Grand Prix,2023-09-24,alonso,Fernando Alonso,aston_martin,Aston Martin
2023,16,Japanese Grand Prix,2023-09-24,ocon,Esteban Ocon,alpine,Alpine F1 Team
2023,16,Japanese Grand Prix,2023-09-24,gasly,Pierre Gasly,alpine,Alpine F1 Team
2023,16,Japanese Grand Prix,2023-09-24,lawson,Liam Lawson,alphatauri,AlphaTauri
2023,16,Japanese Grand Prix,2023-09-24,tsunoda,Yuki Tsunoda,alphatauri,AlphaTauri
2023,16,Japanese Grand Prix,2023-09-24,zhou,Guanyu Zhou,alfa,Alfa Romeo
2023,16,Japanese Grand Prix,2023-09-24,hulkenberg,Nico Hülkenberg,haas,Haas F1 Team
2023,16,Japanese Grand Prix,2023-09-24,kevin_magnussen,Kevin Magnussen,haas,Haas F1 Team
2023,16,Japanese Grand Prix,2023-09-24,albon,Alexander Albon,williams,Williams
2023,16,Japanese Grand Prix,2023-09-24,sargeant,Logan Sargeant,williams,Williams
2023,16,Japanese Grand Prix,2023-09-24,stroll,Lance Stroll,aston_martin,Aston Martin
2023,16,Japanese Grand Prix,2023-09-24,perez,Sergio Pérez,red_bull,Red Bull
2023,16,Japanese Grand Prix,2023-09-24,bottas,Valtteri Bottas,alfa,Alfa Romeo
2023,17,Qatar Grand Prix,2023-10-08,max_verstappen,Max Verstappen,red_bull,Red Bull
2023,17,Qatar Grand Prix,2023-10-08,piastri,Oscar Piastri,mclaren,McLaren
2023,17,Qatar Grand Prix,2023-10-08,norris,Lando Norris,mclaren,McLaren
2023,17,Qatar Grand Prix,2023-10-08,russell,George Russell,mercedes,Mercedes
2023,17,Qatar Grand Prix,2023-10-08,leclerc,Charles Leclerc,ferrari,Ferrari
2023,17,Qatar Grand Prix,2023-10-08,alonso,Fernando Alonso,aston_martin,Aston Martin
2023,17,Qatar Grand Prix,2023-10-08,ocon,Esteban Ocon,alpine,Alpine F1 Team
2023,17,Qatar Grand Prix,2023-10-08,bottas,Valtteri Bottas,alfa,Alfa Romeo
2023,17,Qatar Grand Prix,2023-10-08,zhou,Guanyu Zhou,alfa,Alfa Romeo
2023,17,Qatar Grand Prix,2023-10-08,perez,Sergio Pérez,red_bull,Red Bull
2023,17,Qatar Grand Prix,2023-10-08,stroll,Lance Stroll,aston_martin,Aston Martin
2023,17,Qatar Grand Prix,2023-10-08,gasly,Pierre Gasly,alpine,Alpine F1 Team
2023,17,Qatar Grand Prix,2023-10-08,albon,Alexander Albon,williams,Williams
2023,17,Qatar Grand Prix,2023-10-08,kevin_magnussen,Kevin Magnussen,haas,Haas F1 Team
2023,17,Qatar Grand Prix,2023-10-08,tsunoda,Yuki Tsunoda,alphatauri,AlphaTauri
2023,17,Qatar Grand Prix,2023-10-08,hulkenberg,Nico Hülkenberg,haas,Haas F1 Team
2023,17,Qatar Grand Prix,2023-10-08,lawson,Liam Lawson,alphatauri,AlphaTauri
2023,17,Qatar Grand Prix,2023-10-08,sargeant,Logan Sargeant,williams,Williams
2023,17,Qatar Grand Prix,2023-10-08,hamilton,Lewis Hamilton,mercedes,Mercedes
2023,17,Qatar Grand Prix,2023-10-08,sainz,Carlos Sainz,ferrari,Ferrari
2023,18,United States Grand Prix,2023-10-22,max_verstappen,Max Verstappen,red_bull,Red Bull
2023,18,United States Grand Prix,2023-10-22,norris,Lando Norris,mclaren,McLaren
2023,18,United States Grand Prix,2023-10-22,sainz,Carlos Sainz,ferrari,Ferrari
2023,18,United States Grand Prix,2023-10-22,perez,Sergio Pérez,red_bull,Red Bull
2023,18,United States Grand Prix,2023-10-22,russell,George Russell,mercedes,Mercedes
2023,18,United States Grand Prix,2023-10-22,gasly,Pierre Gasly,alpine,Alpine F1 Team
2023,18,United States Grand Prix,2023-10-22,stroll,Lance Stroll,aston_martin,Aston Martin
2023,18,United States Grand Prix,2023-10-22,tsunoda,Yuki Tsunoda,alphatauri,AlphaTauri
2023,18,United States Grand Prix,2023-10-22,albon,Alexander Albon,williams,Williams
2023,18,United States Grand Prix,2023-10-22,sargeant,Logan Sargeant,williams,Williams
2023,18,United States Grand Prix,2023-10-22,hulkenberg,Nico Hülkenberg,haas,Haas F1 Team
2023,18,United States Grand Prix,2023-10-22,bottas,Valtteri Bottas,alfa,Alfa Romeo
2023,18,United States Grand Prix,2023-10-22,zhou,Guanyu Zhou,alfa,Alfa Romeo
2023,18,United States Grand Prix,2023-10-22,kevin_magnussen,Kevin Magnussen,haas,Haas F1 Team
2023,18,United States Grand Prix,2023-10-22,ricciardo,Daniel Ricciardo,alphatauri,AlphaTauri
2023,18,United States Grand Prix,2023-10-22,alonso,Fernando Alonso,aston_martin,Aston Martin
2023,18,United States Grand Prix,2023-10-22,piastri,Oscar Piastri,mclaren,McLaren
2023,18,United States Grand Prix,2023-10-22,ocon,Esteban Ocon,alpine,Alpine F1 Team
2023,18,United States Grand Prix,2023-10-22,hamilton,Lewis Hamilton,mercedes,Mercedes
2023,18,United States Grand Prix,2023-10-22,leclerc,Charles Leclerc,ferrari,Ferrari
2023,19,Mexico City Grand Prix,2023-10-29,max_verstappen,Max Verstappen,red_bull,Red Bull
2023,19,Mexico City Grand Prix,2023-10-29,hamilton,Lewis Hamilton,mercedes,Mercedes
2023,19,Mexico City Grand Prix,2023-10-29,leclerc,Charles Leclerc,ferrari,Ferrari
2023,19,Mexico City Grand Prix,2023-10-29,sainz,Carlos Sainz,ferrari,Ferrari
2023,19,Mexico City Grand Prix,2023-10-29,norris,Lando Norris,mclaren,McLaren
2023,19,Mexico City Grand Prix,2023-10-29,russell,George Russell,mercedes,Mercedes
2023,19,Mexico City Grand Prix,2023-10-29,ricciardo,Daniel Ricciardo,alphatauri,AlphaTauri
2023,19,Mexico City Grand Prix,2023-10-29,piastri,Oscar Piastri,mclaren,McLaren
2023,19,Mexico City Grand Prix,2023-10-29,albon,Alexander Albon,williams,Williams
2023,19,Mexico City Grand Prix,2023-10-29,ocon,Esteban Ocon,alpine,Alpine F1 Team
2023,19,Mexico City Grand Prix,2023-10-29,gasly,Pierre Gasly,alpine,Alpine F1 Team
2023,19,Mexico City Grand Prix,2023-10-29,tsunoda,Yuki Tsunoda,alphatauri,AlphaTauri
2023,19,Mexico City Grand Prix,2023-10-29,hulkenberg,Nico Hülkenberg,haas,Haas F1 Team
2023,19,Mexico City Grand Prix,2023-10-29,zhou,Guanyu Zhou,alfa,Alfa Romeo
2023,19,Mexico City Grand Prix,2023-10-29,bottas,Valtteri Bottas,alfa,Alfa Romeo
2023,19,Mexico City Grand Prix,2023-10-29,sargeant,Logan Sargeant,williams,Williams
2023,19,Mexico City Grand Prix,2023-10-29,stroll,Lance Stroll,aston_martin,Aston Martin
2023,19,Mexico City Grand Prix,2023-10-29,alonso,Fernando Alonso,aston_martin,Aston Martin
2023,19,Mexico City Grand Prix,2023-10-29,kevin_magnussen,Kevin Magnussen,haas,Haas F1 Team
2023,19,Mexico City Grand Prix,2023-10-29,perez,Sergio Pérez,red_bull,Red Bull
2023,20,São Paulo Grand Prix,2023-11-05,max_verstappen,Max Verstappen,red_bull,Red Bull
2023,20,São Paulo Grand Prix,2023-11-05,norris,Lando Norris,mclaren,McLaren
2023,20,São Paulo Grand Prix,2023-11-05,alonso,Fernando Alonso,aston_martin,Aston Martin
2023,20,São Paulo Grand Prix,2023-11-05,perez,Sergio Pérez,red_bull,Red Bull
2023,20,São Paulo Grand Prix,2023-11-05,stroll,Lance Stroll,aston_martin,Aston Martin
2023,20,São Paulo Grand Prix,2023-11-05,sainz,Carlos Sainz,ferrari,Ferrari
2023,20,São Paulo Grand Prix,2023-11-05,gasly,Pierre Gasly,alpine,Alpine F1 Team
2023,20,São Paulo Grand Prix,2023-11-05,hamilton,Lewis Hamilton,mercedes,Mercedes
2023,20,São Paulo Grand Prix,2023-11-05,tsunoda,Yuki Tsunoda,alphatauri,AlphaTauri
2023,20,São Paulo Grand Prix,2023-11-05,ocon,Esteban Ocon,alpine,Alpine F1 Team
2023,20,São Paulo Grand Prix,2023-11-05,sargeant,Logan Sargeant,williams,Williams
2023,20,São Paulo Grand Prix,2023-11-05,hulkenberg,Nico Hülkenberg,haas,Haas F1 Team
2023,20,São Paulo Grand Prix,2023-11-05,ricciardo,Daniel Ricciardo,alphatauri,AlphaTauri
2023,20,São Paulo Grand Prix,2023-11-05,piastri,Oscar Piastri,mclaren,McLaren
2023,20,São Paulo Grand Prix,2023-11-05,russell,George Russell,mercedes,Mercedes
2023,20,São Paulo Grand Prix,2023-11-05,bottas,Valtteri Bottas,alfa,Alfa Romeo
2023,20,São Paulo Grand Prix,2023-11-05,zhou,Guanyu Zhou,alfa,Alfa Romeo
2023,20,São Paulo Grand Prix,2023-11-05,kevin_magnussen,Kevin Magnussen,haas,Haas F1 Team
2023,20,São Paulo Grand Prix,2023-11-05,albon,Alexander Albon,williams,Williams
2023,20,São Paulo Grand Prix,2023-11-05,leclerc,Charles Leclerc,ferrari,Ferrari
2023,21,Las Vegas Grand Prix,2023-11-19,max_verstappen,Max Verstappen,red_bull,Red Bull
2023,21,Las Vegas Grand Prix,2023-11-19,leclerc,Charles Leclerc,ferrari,Ferrari
2023,21,Las Vegas Grand Prix,2023-11-19,perez,Sergio Pérez,red_bull,Red Bull
2023,21,Las Vegas Grand Prix,2023-11-19,ocon,Esteban Ocon,alpine,Alpine F1 Team
2023,21,Las Vegas Grand Prix,2023-11-19,stroll,Lance Stroll,aston_martin,Aston Martin
2023,21,Las Vegas Grand Prix,2023-11-19,sainz,Carlos Sainz,ferrari,Ferrari
2023,21,Las Vegas Grand Prix,2023-11-19,hamilton,Lewis Hamilton,mercedes,Mercedes
2023,21,Las Vegas Grand Prix,2023-11-19,russell,George Russell,mercedes,Mercedes
2023,21,Las Vegas Grand Prix,2023-11-19,alonso,Fernando Alonso,aston_martin,Aston Martin
2023,21,Las Vegas Grand Prix,2023-11-19,piastri,Oscar Piastri,mclaren,McLaren
2023,21,Las Vegas Grand Prix,2023-11-19,gasly,Pierre Gasly,alpine,Alpine F1 Team
2023,21,Las Vegas Grand Prix,2023-11-19,albon,Alexander Albon,williams,Williams
2023,21,Las Vegas Grand Prix,2023-11-19,kevin_magnussen,Kevin Magnussen,haas,Haas F1 Team
2023,21,Las Vegas Grand Prix,2023-11-19,ricciardo,Daniel Ricciardo,alphatauri,AlphaTauri
2023,21,Las Vegas Grand Prix,2023-11-19,zhou,Guanyu Zhou,alfa,Alfa Romeo
2023,21,Las Vegas Grand Prix,2023-11-19,sargeant,Logan Sargeant,williams,Williams
2023,21,Las Vegas Grand Prix,2023-11-19,bottas,Valtteri Bottas,alfa,Alfa Romeo
2023,21,Las Vegas Grand Prix,2023-11-19,tsunoda,Yuki Tsunoda,alphatauri,AlphaTauri
2023,21,Las Vegas Grand Prix,2023-11-19,hulkenberg,Nico Hülkenberg,haas,Haas F1 Team
2023,21,Las Vegas Grand Prix,2023-11-19,norris,Lando Norris,mclaren,McLaren
2023,22,Abu Dhabi Grand Prix,2023-11-26,max_verstappen,Max Verstappen,red_bull,Red Bull
2023,22,Abu Dhabi Grand Prix,2023-11-26,leclerc,Charles Leclerc,ferrari,Ferrari
2023,22,Abu Dhabi Grand Prix,2023-11-26,russell,George Russell,mercedes,Mercedes
2023,22,Abu Dhabi Grand Prix,2023-11-26,perez,Sergio Pérez,red_bull,Red Bull
2023,22,Abu Dhabi Grand Prix,2023-11-26,norris,Lando Norris,mclaren,McLaren
2023,22,Abu Dhabi Grand Prix,2023-11-26,piastri,Oscar Piastri,mclaren,McLaren
2023,22,Abu Dhabi Grand Prix,2023-11-26,alonso,Fernando Alonso,aston_martin,Aston Martin
2023,22,Abu Dhabi Grand Prix,2023-11-26,tsunoda,Yuki Tsunoda,alphatauri,AlphaTauri
2023,22,Abu Dhabi Grand Prix,2023-11-26,hamilton,Lewis Hamilton,mercedes,Mercedes
2023,22,Abu Dhabi Grand Prix,2023-11-26,stroll,Lance Stroll,aston_martin,Aston Martin
2023,22,Abu Dhabi Grand Prix,2023-11-26,ricciardo,Daniel Ricciardo,alphatauri,AlphaTauri
2023,22,Abu Dhabi Grand Prix,2023-11-26,ocon,Esteban Ocon,alpine,Alpine F1 Team
2023,22,Abu Dhabi Grand Prix,2023-11-26,gasly,Pierre Gasly,alpine,Alpine F1 Team
2023,22,Abu Dhabi Grand Prix,2023-11-26,albon,Alexander Albon,williams,Williams
2023,22,Abu Dhabi Grand Prix,2023-11-26,hulkenberg,Nico Hülkenberg,haas,Haas F1 Team
2023,22,Abu Dhabi Grand Prix,2023-11-26,sargeant,Logan Sargeant,williams,Williams
2023,22,Abu Dhabi Grand Prix,2023-11-26,zhou,Guanyu Zhou,alfa,Alfa Romeo
2023,22,Abu Dhabi Grand Prix,2023-11-26,sainz,Carlos Sainz,ferrari,Ferrari
2023,22,Abu Dhabi Grand Prix,2023-11-26,bottas,Valtteri Bottas,alfa,Alfa Romeo
2023,22,Abu Dhabi Grand Prix,2023-11-26,kevin_magnussen,Kevin Magnussen,haas,Haas F1 Team
2024,1,Bahrain Grand Prix,2024-03-02,max_verstappen,Max Verstappen,red_bull,Red Bull
2024,1,Bahrain Grand Prix,2024-03-02,perez,Sergio Pérez,red_bull,Red Bull
2024,1,Bahrain Grand Prix,2024-03-02,sainz,Carlos Sainz,ferrari,Ferrari
2024,1,Bahrain Grand Prix,2024-03-02,leclerc,Charles Leclerc,ferrari,Ferrari
2024,1,Bahrain Grand Prix,2024-03-02,russell,George Russell,mercedes,Mercedes
2024,1,Bahrain Grand Prix,2024-03-02,norris,Lando Norris,mclaren,McLaren
2024,1,Bahrain Grand Prix,2024-03-02,hamilton,Lewis Hamilton,mercedes,Mercedes
2024,1,Bahrain Grand Prix,2024-03-02,piastri,Oscar Piastri,mclaren,McLaren
2024,1,Bahrain Grand Prix,2024-03-02,alonso,Fernando Alonso,aston_martin,Aston Martin
2024,1,Bahrain Grand Prix,2024-03-02,stroll,Lance Stroll,aston_martin,Aston Martin
2024,1,Bahrain Grand Prix,2024-03-02,zhou,Guanyu Zhou,sauber,Sauber
2024,1,Bahrain Grand Prix,2024-03-02,kevin_magnussen,Kevin Magnussen,haas,Haas F1 Team
2024,1,Bahrain Grand Prix,2024-03-02,ricciardo,Daniel Ricciardo,rb,RB F1 Team
2024,1,Bahrain Grand Prix,2024-03-02,tsunoda,Yuki Tsunoda,rb,RB F1 Team
2024,1,Bahrain Grand Prix,2024-03-02,albon,Alexander Albon,williams,Williams
2024,1,Bahrain Grand Prix,2024-03-02,hulkenberg,Nico Hülkenberg,haas,Haas F1 Team
2024,1,Bahrain Grand Prix,2024-03-02,ocon,Esteban Ocon,alpine,Alpine F1 Team
2024,1,Bahrain Grand Prix,2024-03-02,gasly,Pierre Gasly,alpine,Alpine F1 Team
2024,1,Bahrain Grand Prix,2024-03-02,bottas,Valtteri Bottas,sauber,Sauber
2024,1,Bahrain Grand Prix,2024-03-02,sargeant,Logan Sargeant,williams,Williams
2024,2,Saudi Arabian Grand Prix,2024-03-09,max_verstappen,Max Verstappen,red_bull,Red Bull
2024,2,Saudi Arabian Grand Prix,2024-03-09,perez,Sergio Pérez,red_bull,Red Bull
2024,2,Saudi Arabian Grand Prix,2024-03-09,leclerc,Charles Leclerc,ferrari,Ferrari
2024,2,Saudi Arabian Grand Prix,2024-03-09,piastri,Oscar Piastri,mclaren,McLaren
2024,2,Saudi Arabian Grand Prix,2024-03-09,alonso,Fernando Alonso,aston_martin,Aston Martin
2024,2,Saudi Arabian Grand Prix,2024-03-09,russell,George Russell,mercedes,Mercedes
2024,2,Saudi Arabian Grand Prix,2024-03-09,bearman,Oliver Bearman,ferrari,Ferrari
2024,2,Saudi Arabian Grand Prix,2024-03-09,norris,Lando Norris,mclaren,McLaren
2024,2,Saudi Arabian Grand Prix,2024-03-09,hamilton,Lewis Hamilton,mercedes,Mercedes
2024,2,Saudi Arabian Grand Prix,2024-03-09,hulkenberg,Nico Hülkenberg,haas,Haas F1 Team
2024,2,Saudi Arabian Grand Prix,2024-03-09,albon,Alexander Albon,williams,Williams
2024,2,Saudi Arabian Grand Prix,2024-03-09,kevin_magnussen,Kevin Magnussen,haas,Haas F1 Team
2024,2,Saudi Arabian Grand Prix,2024-03-09,ocon,Esteban Ocon,alpine,Alpine F1 Team
2024,2,Saudi Arabian Grand Prix,2024-03-09,sargeant,Logan Sargeant,williams,Williams
2024,2,Saudi Arabian Grand Prix,2024-03-09,tsunoda,Yuki Tsunoda,rb,RB F1 Team
2024,2,Saudi Arabian Grand Prix,2024-03-09,ricciardo,Daniel Ricciardo,rb,RB F1 Team
2024,2,Saudi Arabian Grand Prix,2024-03-09,bottas,Valtteri Bottas,sauber,Sauber
2024,2,Saudi Arabian Grand Prix,2024-03-09,zhou,Guanyu Zhou,sauber,Sauber
2024,2,Saudi Arabian Grand Prix,2024-03-09,stroll,Lance Stroll,aston_martin,Aston Martin
2024,2,Saudi Arabian Grand Prix,2024-03-09,gasly,Pierre Gasly,alpine,Alpine F1 Team
2024,3,Australian Grand Prix,2024-03-24,sainz,Carlos Sainz,ferrari,Ferrari
2024,3,Australian Grand Prix,2024-03-24,leclerc,Charles Leclerc,ferrari,Ferrari
2024,3,Australian Grand Prix,2024-03-24,norris,Lando Norris,mclaren,McLaren
2024,3,Australian Grand Prix,2024-03-24,piastri,Oscar Piastri,mclaren,McLaren
2024,3,Australian Grand Prix,2024-03-24,perez,Sergio Pérez,red_bull,Red Bull
2024,3,Australian Grand Prix,2024-03-24,stroll,Lance Stroll,aston_martin,Aston Martin
2024,3,Australian Grand Prix,2024-03-24,tsunoda,Yuki Tsunoda,rb,RB F1 Team
2024,3,Australian Grand Prix,2024-03-24,alonso,Fernando Alonso,aston_martin,Aston Martin
2024,3,Australian Grand Prix,2024-03-24,hulkenberg,Nico Hülkenberg,haas,Haas F1 Team
2024,3,Australian Grand Prix,2024-03-24,kevin_magnussen,Kevin Magnussen,haas,Haas F1 Team
2024,3,Australian Grand Prix,2024-03-24,albon,Alexander Albon,williams,Williams
2024,3,Australian Grand Prix,2024-03-24,ricciardo,Daniel Ricciardo,rb,RB F1 Team
2024,3,Australian Grand Prix,2024-03-24,gasly,Pierre Gasly,alpine,Alpine F1 Team
2024,3,Australian Grand Prix,2024-03-24,bottas,Valtteri Bottas,sauber,Sauber
2024,3,Australian Grand Prix,2024-03-24,zhou,Guanyu Zhou,sauber,Sauber
2024,3,Australian Grand Prix,2024-03-24,ocon,Esteban Ocon,alpine,Alpine F1 Team
2024,3,Australian Grand Prix,2024-03-24,russell,George Russell,mercedes,Mercedes
2024,3,Australian Grand Prix,2024-03-24,hamilton,Lewis Hamilton,mercedes,Mercedes
2024,3,Australian Grand Prix,2024-03-24,max_verstappen,Max Verstappen,red_bull,Red Bull
2024,4,Japanese Grand Prix,2024-04-07,max_verstappen,Max Verstappen,red_bull,Red Bull
2024,4,Japanese Grand Prix,2024-04-07,perez,Sergio Pérez,red_bull,Red Bull
2024,4,Japanese Grand Prix,2024-04-07,sainz,Carlos Sainz,ferrari,Ferrari
2024,4,Japanese Grand Prix,2024-04-07,leclerc,Charles Leclerc,ferrari,Ferrari
2024,4,Japanese Grand Prix,2024-04-07,norris,Lando Norris,mclaren,McLaren
2024,4,Japanese Grand Prix,2024-04-07,alonso,Fernando Alonso,aston_martin,Aston Martin
2024,4,Japanese Grand Prix,2024-04-07,russell,George Russell,mercedes,Mercedes
2024,4,Japanese Grand Prix,2024-04-07,piastri,Oscar Piastri,mclaren,McLaren
2024,4,Japanese Grand Prix,2024-04-07,hamilton,Lewis Hamilton,mercedes,Mercedes
2024,4,Japanese Grand Prix,2024-04-07,tsunoda,Yuki Tsunoda,rb,RB F1 Team
2024,4,Japanese Grand Prix,2024-04-07,hulkenberg,Nico Hülkenberg,haas,Haas F1 Team
2024,4,Japanese Grand Prix,2024-04-07,stroll,Lance Stroll,aston_martin,Aston Martin
2024,4,Japanese Grand Prix,2024-04-07,kevin_magnussen,Kevin Magnussen,haas,Haas F1 Team
2024,4,Japanese Grand Prix,2024-04-07,bottas,Valtteri Bottas,sauber,Sauber
2024,4,Japanese Grand Prix,2024-04-07,ocon,Esteban Ocon,alpine,Alpine F1 Team
2024,4,Japanese Grand Prix,2024-04-07,gasly,Pierre Gasly,alpine,Alpine F1 Team
2024,4,Japanese Grand Prix,2024-04-07,sargeant,Logan Sargeant,williams,Williams
2024,4,Japanese Grand Prix,2024-04-07,zhou,Guanyu Zhou,sauber,Sauber
2024,4,Japanese Grand Prix,2024-04-07,ricciardo,Daniel Ricciardo,rb,RB F1 Team
2024,4,Japanese Grand Prix,2024-04-07,albon,Alexander Albon,williams,Williams
2024,5,Chinese Grand Prix,2024-04-21,max_verstappen,Max Verstappen,red_bull,Red Bull
2024,5,Chinese Grand Prix,2024-04-21,norris,Lando Norris,mclaren,McLaren
2024,5,Chinese Grand Prix,2024-04-21,perez,Sergio Pérez,red_bull,Red Bull
2024,5,Chinese Grand Prix,2024-04-21,leclerc,Charles Leclerc,ferrari,Ferrari
2024,5,Chinese Grand Prix,2024-04-21,sainz,Carlos Sainz,ferrari,Ferrari
2024,5,Chinese Grand Prix,2024-04-21,russell,George Russell,mercedes,Mercedes
2024,5,Chinese Grand Prix,2024-04-21,alonso,Fernando Alonso,aston_martin,Aston Martin
2024,5,Chinese Grand Prix,2024-04-21,piastri,Oscar Piastri,mclaren,McLaren
2024,5,Chinese Grand Prix,2024-04-21,hamilton,Lewis Hamilton,mercedes,Mercedes
2024,5,Chinese Grand Prix,2024-04-21,hulkenberg,Nico Hülkenberg,haas,Haas F1 Team
2024,5,Chinese Grand Prix,2024-04-21,ocon,Esteban Ocon,alpine,Alpine F1 Team
2024,5,Chinese Grand Prix,2024-04-21,albon,Alexander Albon,williams,Williams
2024,5,Chinese Grand Prix,2024-04-21,gasly,Pierre Gasly,alpine,Alpine F1 Team
2024,5,Chinese Grand Prix,2024-04-21,zhou,Guanyu Zhou,sauber,Sauber
2024,5,Chinese Grand Prix,2024-04-21,stroll,Lance Stroll,aston_martin,Aston Martin
2024,5,Chinese Grand Prix,2024-04-21,kevin_magnussen,Kevin Magnussen,haas,Haas F1 Team
2024,5,Chinese Grand Prix,2024-04-21,sargeant,Logan Sargeant,williams,Williams
2024,5,Chinese Grand Prix,2024-04-21,ricciardo,Daniel Ricciardo,rb,RB F1 Team
2024,5,Chinese Grand Prix,2024-04-21,tsunoda,Yuki Tsunoda,rb,RB F1 Team
2024,5,Chinese Grand Prix,2024-04-21,bottas,Valtteri Bottas,sauber,Sauber
2024,6,Miami Grand Prix,2024-05-05,norris,Lando Norris,mclaren,McLaren
2024,6,Miami Grand Prix,2024-05-05,max_verstappen,Max Verstappen,red_bull,Red Bull
2024,6,Miami Grand Prix,2024-05-05,leclerc,Charles Leclerc,ferrari,Ferrari
2024,6,Miami Grand Prix,2024-05-05,perez,Sergio Pérez,red_bull,Red Bull
2024,6,Miami Grand Prix,2024-05-05,sainz,Carlos Sainz,ferrari,Ferrari
2024,6,Miami Grand Prix,2024-05-05,hamilton,Lewis Hamilton,mercedes,Mercedes
2024,6,Miami Grand Prix,2024-05-05,tsunoda,Yuki Tsunoda,rb,RB F1 Team
2024,6,Miami Grand Prix,2024-05-05,russell,George Russell,mercedes,Mercedes
2024,6,Miami Grand Prix,2024-05-05,alonso,Fernando Alonso,aston_martin,Aston Martin
2024,6,Miami Grand Prix,2024-05-05,ocon,Esteban Ocon,alpine,Alpine F1 Team
2024,6,Miami Grand Prix,2024-05-05,hulkenberg,Nico Hülkenberg,haas,Haas F1 Team
2024,6,Miami Grand Prix,2024-05-05,gasly,Pierre Gasly,alpine,Alpine F1 Team
2024,6,Miami Grand Prix,2024-05-05,piastri,Oscar Piastri,mclaren,McLaren
2024,6,Miami Grand Prix,2024-05-05,zhou,Guanyu Zhou,sauber,Sauber
2024,6,Miami Grand Prix,2024-05-05,ricciardo,Daniel Ricciardo,rb,RB F1 Team
2024,6,Miami Grand Prix,2024-05-05,bottas,Valtteri Bottas,sauber,Sauber
2024,6,Miami Grand Prix,2024-05-05,stroll,Lance Stroll,aston_martin,Aston Martin
2024,6,Miami Grand Prix,2024-05-05,albon,Alexander Albon,williams,Williams
2024,6,Miami Grand Prix,2024-05-05,kevin_magnussen,Kevin Magnussen,haas,Haas F1 Team
2024,6,Miami Grand Prix,2024-05-05,sargeant,Logan Sargeant,williams,Williams
2024,7,Emilia Romagna Grand Prix,2024-05-19,max_verstappen,Max Verstappen,red_bull,Red Bull
2024,7,Emilia Romagna Grand Prix,2024-05-19,norris,Lando Norris,mclaren,McLaren
2024,7,Emilia Romagna Grand Prix,2024-05-19,leclerc,Charles Leclerc,ferrari,Ferrari
2024,7,Emilia Romagna Grand Prix,2024-05-19,piastri,Oscar Piastri,mclaren,McLaren
2024,7,Emilia Romagna Grand Prix,2024-05-19,sainz,Carlos Sainz,ferrari,Ferrari
2024,7,Emilia Romagna Grand Prix,2024-05-19,hamilton,Lewis Hamilton,mercedes,Mercedes
2024,7,Emilia Romagna Grand Prix,2024-05-19,russell,George Russell,mercedes,Mercedes
2024,7,Emilia Romagna Grand Prix,2024-05-19,perez,Sergio Pérez,red_bull,Red Bull
2024,7,Emilia Romagna Grand Prix,2024-05-19,stroll,Lance Stroll,aston_martin,Aston Martin
2024,7,Emilia Romagna Grand Prix,2024-05-19,tsunoda,Yuki Tsunoda,rb,RB F1 Team
2024,7,Emilia Romagna Grand Prix,2024-05-19,hulkenberg,Nico Hülkenberg,haas,Haas F1 Team
2024,7,Emilia Romagna Grand Prix,2024-05-19,kevin_magnussen,Kevin Magnussen,haas,Haas F1 Team
2024,7,Emilia Romagna Grand Prix,2024-05-19,ricciardo,Daniel Ricciardo,rb,RB F1 Team
2024,7,Emilia Romagna Grand Prix,2024-05-19,ocon,Esteban Ocon,alpine,Alpine F1 Team
2024,7,Emilia Romagna Grand Prix,2024-05-19,zhou,Guanyu Zhou,sauber,Sauber
2024,7,Emilia Romagna Grand Prix,2024-05-19,gasly,Pierre Gasly,alpine,Alpine F1 Team
2024,7,Emilia Romagna Grand Prix,2024-05-19,sargeant,Logan Sargeant,williams,Williams
2024,7,Emilia Romagna Grand Prix,2024-05-19,bottas,Valtteri Bottas,sauber,Sauber
2024,7,Emilia Romagna Grand Prix,2024-05-19,alonso,Fernando Alonso,aston_martin,Aston Martin
2024,7,Emilia Romagna Grand Prix,2024-05-19,albon,Alexander Albon,williams,Williams
2024,8,Monaco Grand Prix,2024-05-26,leclerc,Charles Leclerc,ferrari,Ferrari
2024,8,Monaco Grand Prix,2024-05-26,piastri,Oscar Piastri,mclaren,McLaren
2024,8,Monaco Grand Prix,2024-05-26,sainz,Carlos Sainz,ferrari,Ferrari
2024,8,Monaco Grand Prix,2024-05-26,norris,Lando Norris,mclaren,McLaren
2024,8,Monaco Grand Prix,2024-05-26,russell,George Russell,mercedes,Mercedes
2024,8,Monaco Grand Prix,2024-05-26,max_verstappen,Max Verstappen,red_bull,Red Bull
2024,8,Monaco Grand Prix,2024-05-26,hamilton,Lewis Hamilton,mercedes,Mercedes
2024,8,Monaco Grand Prix,2024-05-26,tsunoda,Yuki Tsunoda,rb,RB F1 Team
2024,8,Monaco Grand Prix,2024-05-26,albon,Alexander Albon,williams,Williams
2024,8,Monaco Grand Prix,2024-05-26,gasly,Pierre Gasly,alpine,Alpine F1 Team
2024,8,Monaco Grand Prix,2024-05-26,alonso,Fernando Alonso,aston_martin,Aston Martin
2024,8,Monaco Grand Prix,2024-05-26,ricciardo,Daniel Ricciardo,rb,RB F1 Team
2024,8,Monaco Grand Prix,2024-05-26,bottas,Valtteri Bottas,sauber,Sauber
2024,8,Monaco Grand Prix,2024-05-26,stroll,Lance Stroll,aston_martin,Aston Martin
2024,8,Monaco Grand Prix,2024-05-26,sargeant,Logan Sargeant,williams,Williams
2024,8,Monaco Grand Prix,2024-05-26,zhou,Guanyu Zhou,sauber,Sauber
2024,8,Monaco Grand Prix,2024-05-26,ocon,Esteban Ocon,alpine,Alpine F1 Team
2024,8,Monaco Grand Prix,2024-05-26,perez,Sergio Pérez,red_bull,Red Bull
2024,8,Monaco Grand Prix,2024-05-26,hulkenberg,Nico Hülkenberg,haas,Haas F1 Team
2024,8,Monaco Grand Prix,2024-05-26,kevin_magnussen,Kevin Magnussen,haas,Haas F1 Team
2024,9,Canadian Grand Prix,2024-06-09,max_verstappen,Max Verstappen,red_bull,Red Bull
2024,9,Canadian Grand Prix,2024-06-09,norris,Lando Norris,mclaren,McLaren
2024,9,Canadian Grand Prix,2024-06-09,russell,George Russell,mercedes,Mercedes
2024,9,Canadian Grand Prix,2024-06-09,hamilton,Lewis Hamilton,mercedes,Mercedes
2024,9,Canadian Grand Prix,2024-06-09,piastri,Oscar Piastri,mclaren,McLaren
2024,9,Canadian Grand Prix,2024-06-09,alonso,Fernando Alonso,aston_martin,Aston Martin
2024,9,Canadian Grand Prix,2024-06-09,stroll,Lance Stroll,aston_martin,Aston Martin
2024,9,Canadian Grand Prix,2024-06-09,ricciardo,Daniel Ricciardo,rb,RB F1 Team
2024,9,Canadian Grand Prix,2024-06-09,gasly,Pierre Gasly,alpine,Alpine F1 Team
2024,9,Canadian Grand Prix,2024-06-09,ocon,Esteban Ocon,alpine,Alpine F1 Team
2024,9,Canadian Grand Prix,2024-06-09,hulkenberg,Nico Hülkenberg,haas,Haas F1 Team
2024,9,Canadian Grand Prix,2024-06-09,kevin_magnussen,Kevin Magnussen,haas,Haas F1 Team
2024,9,Canadian Grand Prix,2024-06-09,bottas,Valtteri Bottas,sauber,Sauber
2024,9,Canadian Grand Prix,2024-06-09,tsunoda,Yuki Tsunoda,rb,RB F1 Team
2024,9,Canadian Grand Prix,2024-06-09,zhou,Guanyu Zhou,sauber,Sauber
2024,9,Canadian Grand Prix,2024-06-09,sainz,Carlos Sainz,ferrari,Ferrari
2024,9,Canadian Grand Prix,2024-06-09,albon,Alexander Albon,williams,Williams
2024,9,Canadian Grand Prix,2024-06-09,perez,Sergio Pérez,red_bull,Red Bull
2024,9,Canadian Grand Prix,2024-06-09,leclerc,Charles Leclerc,ferrari,Ferrari
2024,9,Canadian Grand Prix,2024-06-09,sargeant,Logan Sargeant,williams,Williams
2024,10,Spanish Grand Prix,2024-06-23,max_verstappen,Max Verstappen,red_bull,Red Bull
2024,10,Spanish Grand Prix,2024-06-23,norris,Lando Norris,mclaren,McLaren
2024,10,Spanish Grand Prix,2024-06-23,hamilton,Lewis Hamilton,mercedes,Mercedes
2024,10,Spanish Grand Prix,2024-06-23,russell,George Russell,mercedes,Mercedes
2024,10,Spanish Grand Prix,2024-06-23,leclerc,Charles Leclerc,ferrari,Ferrari
2024,10,Spanish Grand Prix,2024-06-23,sainz,Carlos Sainz,ferrari,Ferrari
2024,10,Spanish Grand Prix,2024-06-23,piastri,Oscar Piastri,mclaren,McLaren
2024,10,Spanish Grand Prix,2024-06-23,perez,Sergio Pérez,red_bull,Red Bull
2024,10,Spanish Grand Prix,2024-06-23,gasly,Pierre Gasly,alpine,Alpine F1 Team
2024,10,Spanish Grand Prix,2024-06-23,ocon,Esteban Ocon,alpine,Alpine F1 Team
2024,10,Spanish Grand Prix,2024-06-23,hulkenberg,Nico Hülkenberg,haas,Haas F1 Team
2024,10,Spanish Grand Prix,2024-06-23,alonso,Fernando Alonso,aston_martin,Aston Martin
2024,10,Spanish Grand Prix,2024-06-23,zhou,Guanyu Zhou,sauber,Sauber
2024,10,Spanish Grand Prix,2024-06-23,stroll,Lance Stroll,aston_martin,Aston Martin
2024,10,Spanish Grand Prix,2024-06-23,ricciardo,Daniel Ricciardo,rb,RB F1 Team
2024,10,Spanish Grand Prix,2024-06-23,bottas,Valtteri Bottas,sauber,Sauber
2024,10,Spanish Grand Prix,2024-06-23,kevin_magnussen,Kevin Magnussen,haas,Haas F1 Team
2024,10,Spanish Grand Prix,2024-06-23,albon,Alexander Albon,williams,Williams
2024,10,Spanish Grand Prix,2024-06-23,tsunoda,Yuki Tsunoda,rb,RB F1 Team
2024,10,Spanish Grand Prix,2024-06-23,sargeant,Logan Sargeant,williams,Williams
2024,11,Austrian Grand Prix,2024-06-30,russell,George Russell,mercedes,Mercedes
2024,11,Austrian Grand Prix,2024-06-30,piastri,Oscar Piastri,mclaren,McLaren
2024,11,Austrian Grand Prix,2024-06-30,sainz,Carlos Sainz,ferrari,Ferrari
2024,11,Austrian Grand Prix,2024-06-30,hamilton,Lewis Hamilton,mercedes,Mercedes
2024,11,Austrian Grand Prix,2024-06-30,max_verstappen,Max Verstappen,red_bull,Red Bull
2024,11,Austrian Grand Prix,2024-06-30,hulkenberg,Nico Hülkenberg,haas,Haas F1 Team
2024,11,Austrian Grand Prix,2024-06-30,perez,Sergio Pérez,red_bull,Red Bull
2024,11,Austrian Grand Prix,2024-06-30,kevin_magnussen,Kevin Magnussen,haas,Haas F1 Team
2024,11,Austrian Grand Prix,2024-06-30,ricciardo,Daniel Ricciardo,rb,RB F1 Team
2024,11,Austrian Grand Prix,2024-06-30,gasly,Pierre Gasly,alpine,Alpine F1 Team
2024,11,Austrian Grand Prix,2024-06-30,leclerc,Charles Leclerc,ferrari,Ferrari
2024,11,Austrian Grand Prix,2024-06-30,ocon,Esteban Ocon,alpine,Alpine F1 Team
2024,11,Austrian Grand Prix,2024-06-30,stroll,Lance Stroll,aston_martin,Aston Martin
2024,11,Austrian Grand Prix,2024-06-30,tsunoda,Yuki Tsunoda,rb,RB F1 Team
2024,11,Austrian Grand Prix,2024-06-30,albon,Alexander Albon,williams,Williams
2024,11,Austrian Grand Prix,2024-06-30,bottas,Valtteri Bottas,sauber,Sauber
2024,11,Austrian Grand Prix,2024-06-30,zhou,Guanyu Zhou,sauber,Sauber
2024,11,Austrian Grand Prix,2024-06-30,alonso,Fernando Alonso,aston_martin,Aston Martin
2024,11,Austrian Grand Prix,2024-06-30,sargeant,Logan Sargeant,williams,Williams
2024,11,Austrian Grand Prix,2024-06-30,norris,Lando Norris,mclaren,McLaren
2024,12,British Grand Prix,2024-07-07,hamilton,Lewis Hamilton,mercedes,Mercedes
2024,12,British Grand Prix,2024-07-07,max_verstappen,Max Verstappen,red_bull,Red Bull
2024,12,British Grand Prix,2024-07-07,norris,Lando Norris,mclaren,McLaren
2024,12,British Grand Prix,2024-07-07,piastri,Oscar Piastri,mclaren,McLaren
2024,12,British Grand Prix,2024-07-07,sainz,Carlos Sainz,ferrari,Ferrari
2024,12,British Grand Prix,2024-07-07,hulkenberg,Nico Hülkenberg,haas,Haas F1 Team
2024,12,British Grand Prix,2024-07-07,stroll,Lance Stroll,aston_martin,Aston Martin
2024,12,British Grand Prix,2024-07-07,alonso,Fernando Alonso,aston_martin,Aston Martin
2024,12,British Grand Prix,2024-07-07,albon,Alexander Albon,williams,Williams
2024,12,British Grand Prix,2024-07-07,tsunoda,Yuki Tsunoda,rb,RB F1 Team
2024,12,British Grand Prix,2024-07-07,sargeant,Logan Sargeant,williams,Williams
2024,12,British Grand Prix,2024-07-07,kevin_magnussen,Kevin Magnussen,haas,Haas F1 Team
2024,12,British Grand Prix,2024-07-07,ricciardo,Daniel Ricciardo,rb,RB F1 Team
2024,12,British Grand Prix,2024-07-07,leclerc,Charles Leclerc,ferrari,Ferrari
2024,12,British Grand Prix,2024-07-07,bottas,Valtteri Bottas,sauber,Sauber
2024,12,British Grand Prix,2024-07-07,ocon,Esteban Ocon,alpine,Alpine F1 Team
2024,12,British Grand Prix,2024-07-07,perez,Sergio Pérez,red_bull,Red Bull
2024,12,British Grand Prix,2024-07-07,zhou,Guanyu Zhou,sauber,Sauber
2024,12,British Grand Prix,2024-07-07,russell,George Russell,mercedes,Mercedes
2024,12,British Grand Prix,2024-07-07,gasly,Pierre Gasly,alpine,Alpine F1 Team
2024,13,Hungarian Grand Prix,2024-07-21,piastri,Oscar Piastri,mclaren,McLaren
2024,13,Hungarian Grand Prix,2024-07-21,norris,Lando Norris,mclaren,McLaren
2024,13,Hungarian Grand Prix,2024-07-21,hamilton,Lewis Hamilton,mercedes,Mercedes
2024,13,Hungarian Grand Prix,2024-07-21,leclerc,Charles Leclerc,ferrari,Ferrari
2024,13,Hungarian Grand Prix,2024-07-21,max_verstappen,Max Verstappen,red_bull,Red Bull
2024,13,Hungarian Grand Prix,2024-07-21,sainz,Carlos Sainz,ferrari,Ferrari
2024,13,Hungarian Grand Prix,2024-07-21,perez,Sergio Pérez,red_bull,Red Bull
2024,13,Hungarian Grand Prix,2024-07-21,russell,George Russell,mercedes,Mercedes
2024,13,Hungarian Grand Prix,2024-07-21,tsunoda,Yuki Tsunoda,rb,RB F1 Team
2024,13,Hungarian Grand Prix,2024-07-21,stroll,Lance Stroll,aston_martin,Aston Martin
2024,13,Hungarian Grand Prix,2024-07-21,alonso,Fernando Alonso,aston_martin,Aston Martin
2024,13,Hungarian Grand Prix,2024-07-21,ricciardo,Daniel Ricciardo,rb,RB F1 Team
2024,13,Hungarian Grand Prix,2024-07-21,hulkenberg,Nico Hülkenberg,haas,Haas F1 Team
2024,13,Hungarian Grand Prix,2024-07-21,albon,Alexander Albon,williams,Williams
2024,13,Hungarian Grand Prix,2024-07-21,kevin_magnussen,Kevin Magnussen,haas,Haas F1 Team
2024,13,Hungarian Grand Prix,2024-07-21,bottas,Valtteri Bottas,sauber,Sauber
2024,13,Hungarian Grand Prix,2024-07-21,sargeant,Logan Sargeant,williams,Williams
2024,13,Hungarian Grand Prix,2024-07-21,ocon,Esteban Ocon,alpine,Alpine F1 Team
2024,13,Hungarian Grand Prix,2024-07-21,zhou,Guanyu Zhou,sauber,Sauber
2024,13,Hungarian Grand Prix,2024-07-21,gasly,Pierre Gasly,alpine,Alpine F1 Team
2024,14,Belgian Grand Prix,2024-07-28,hamilton,Lewis Hamilton,mercedes,Mercedes
2024,14,Belgian Grand Prix,2024-07-28,piastri,Oscar Piastri,mclaren,McLaren
2024,14,Belgian Grand Prix,2024-07-28,leclerc,Charles Leclerc,ferrari,Ferrari
2024,14,Belgian Grand Prix,2024-07-28,max_verstappen,Max Verstappen,red_bull,Red Bull
2024,14,Belgian Grand Prix,2024-07-28,norris,Lando Norris,mclaren,McLaren
2024,14,Belgian Grand Prix,2024-07-28,sainz,Carlos Sainz,ferrari,Ferrari
2024,14,Belgian Grand Prix,2024-07-28,perez,Sergio Pérez,red_bull,Red Bull
2024,14,Belgian Grand Prix,2024-07-28,alonso,Fernando Alonso,aston_martin,Aston Martin
2024,14,Belgian Grand Prix,2024-07-28,ocon,Esteban Ocon,alpine,Alpine F1 Team
2024,14,Belgian Grand Prix,2024-07-28,ricciardo,Daniel Ricciardo,rb,RB F1 Team
2024,14,Belgian Grand Prix,2024-07-28,stroll,Lance Stroll,aston_martin,Aston Martin
2024,14,Belgian Grand Prix,2024-07-28,albon,Alexander Albon,williams,Williams
2024,14,Belgian Grand Prix,2024-07-28,gasly,Pierre Gasly,alpine,Alpine F1 Team
2024,14,Belgian Grand Prix,2024-07-28,kevin_magnussen,Kevin Magnussen,haas,Haas F1 Team
2024,14,Belgian Grand Prix,2024-07-28,bottas,Valtteri Bottas,sauber,Sauber
2024,14,Belgian Grand Prix,2024-07-28,tsunoda,Yuki Tsunoda,rb,RB F1 Team
2024,14,Belgian Grand Prix,2024-07-28,sargeant,Logan Sargeant,williams,Williams
2024,14,Belgian Grand Prix,2024-07-28,hulkenberg,Nico Hülkenberg,haas,Haas F1 Team
2024,14,Belgian Grand Prix,2024-07-28,zhou,Guanyu Zhou,sauber,Sauber
2024,14,Belgian Grand Prix,2024-07-28,russell,George Russell,mercedes,Mercedes
2024,15,Dutch Grand Prix,2024-08-25,norris,Lando Norris,mclaren,McLaren
2024,15,Dutch Grand Prix,2024-08-25,max_verstappen,Max Verstappen,red_bull,Red Bull
2024,15,Dutch Grand Prix,2024-08-25,leclerc,Charles Leclerc,ferrari,Ferrari
2024,15,Dutch Grand Prix,2024-08-25,piastri,Oscar Piastri,mclaren,McLaren
2024,15,Dutch Grand Prix,2024-08-25,sainz,Carlos Sainz,ferrari,Ferrari
2024,15,Dutch Grand Prix,2024-08-25,perez,Sergio Pérez,red_bull,Red Bull
2024,15,Dutch Grand Prix,2024-08-25,russell,George Russell,mercedes,Mercedes
2024,15,Dutch Grand Prix,2024-08-25,hamilton,Lewis Hamilton,mercedes,Mercedes
2024,15,Dutch Grand Prix,2024-08-25,gasly,Pierre Gasly,alpine,Alpine F1 Team
2024,15,Dutch Grand Prix,2024-08-25,alonso,Fernando Alonso,aston_martin,Aston Martin
2024,15,Dutch Grand Prix,2024-08-25,hulkenberg,Nico Hülkenberg,haas,Haas F1 Team
2024,15,Dutch Grand Prix,2024-08-25,ricciardo,Daniel Ricciardo,rb,RB F1 Team
2024,15,Dutch Grand Prix,2024-08-25,stroll,Lance Stroll,aston_martin,Aston Martin
2024,15,Dutch Grand Prix,2024-08-25,albon,Alexander Albon,williams,Williams
2024,15,Dutch Grand Prix,2024-08-25,ocon,Esteban Ocon,alpine,Alpine F1 Team
2024,15,Dutch Grand Prix,2024-08-25,sargeant,Logan Sargeant,williams,Williams
2024,15,Dutch Grand Prix,2024-08-25,tsunoda,Yuki Tsunoda,rb,RB F1 Team
2024,15,Dutch Grand Prix,2024-08-25,kevin_magnussen,Kevin Magnussen,haas,Haas F1 Team
2024,15,Dutch Grand Prix,2024-08-25,bottas,Valtteri Bottas,sauber,Sauber
2024,15,Dutch Grand Prix,2024-08-25,zhou,Guanyu Zhou,sauber,Sauber
2024,16,Italian Grand Prix,2024-09-01,leclerc,Charles Leclerc,ferrari,Ferrari
2024,16,Italian Grand Prix,2024-09-01,piastri,Oscar Piastri,mclaren,McLaren
2024,16,Italian Grand Prix,2024-09-01,norris,Lando Norris,mclaren,McLaren
2024,16,Italian Grand Prix,2024-09-01,sainz,Carlos Sainz,ferrari,Ferrari
2024,16,Italian Grand Prix,2024-09-01,hamilton,Lewis Hamilton,mercedes,Mercedes
2024,16,Italian Grand Prix,2024-09-01,max_verstappen,Max Verstappen,red_bull,Red Bull
2024,16,Italian Grand Prix,2024-09-01,russell,George Russell,mercedes,Mercedes
2024,16,Italian Grand Prix,2024-09-01,perez,Sergio Pérez,red_bull,Red Bull
2024,16,Italian Grand Prix,2024-09-01,albon,Alexander Albon,williams,Williams
2024,16,Italian Grand Prix,2024-09-01,kevin_magnussen,Kevin Magnussen,haas,Haas F1 Team
2024,16,Italian Grand Prix,2024-09-01,alonso,Fernando Alonso,aston_martin,Aston Martin
2024,16,Italian Grand Prix,2024-09-01,colapinto,Franco Colapinto,williams,Williams
2024,16,Italian Grand Prix,2024-09-01,ricciardo,Daniel Ricciardo,rb,RB F1 Team
2024,16,Italian Grand Prix,2024-09-01,ocon,Esteban Ocon,alpine,Alpine F1 Team
2024,16,Italian Grand Prix,2024-09-01,gasly,Pierre Gasly,alpine,Alpine F1 Team
2024,16,Italian Grand Prix,2024-09-01,bottas,Valtteri Bottas,sauber,Sauber
2024,16,Italian Grand Prix,2024-09-01,hulkenberg,Nico Hülkenberg,haas,Haas F1 Team
2024,16,Italian Grand Prix,2024-09-01,zhou,Guanyu Zhou,sauber,Sauber
2024,16,Italian Grand Prix,2024-09-01,stroll,Lance Stroll,aston_martin,Aston Martin
2024,16,Italian Grand Prix,2024-09-01,tsunoda,Yuki Tsunoda,rb,RB F1 Team
2024,17,Azerbaijan Grand Prix,2024-09-15,piastri,Oscar Piastri,mclaren,McLaren
2024,17,Azerbaijan Grand Prix,2024-09-15,leclerc,Charles Leclerc,ferrari,Ferrari
2024,17,Azerbaijan Grand Prix,2024-09-15,russell,George Russell,mercedes,Mercedes
2024,17,Azerbaijan Grand Prix,2024-09-15,norris,Lando Norris,mclaren,McLaren
2024,17,Azerbaijan Grand Prix,2024-09-15,max_verstappen,Max Verstappen,red_bull,Red Bull
2024,17,Azerbaijan Grand Prix,2024-09-15,alonso,Fernando Alonso,aston_martin,Aston Martin
2024,17,Azerbaijan Grand Prix,2024-09-15,albon,Alexander Albon,williams,Williams
2024,17,Azerbaijan Grand Prix,2024-09-15,colapinto,Franco Colapinto,williams,Williams
2024,17,Azerbaijan Grand Prix,2024-09-15,hamilton,Lewis Hamilton,mercedes,Mercedes
2024,17,Azerbaijan Grand Prix,2024-09-15,bearman,Oliver Bearman,haas,Haas F1 Team
2024,17,Azerbaijan Grand Prix,2024-09-15,hulkenberg,Nico Hülkenberg,haas,Haas F1 Team
2024,17,Azerbaijan Grand Prix,2024-09-15,gasly,Pierre Gasly,alpine,Alpine F1 Team
2024,17,Azerbaijan Grand Prix,2024-09-15,ricciardo,Daniel Ricciardo,rb,RB F1 Team
2024,17,Azerbaijan Grand Prix,2024-09-15,zhou,Guanyu Zhou,sauber,Sauber
2024,17,Azerbaijan Grand Prix,2024-09-15,ocon,Esteban Ocon,alpine,Alpine F1 Team
2024,17,Azerbaijan Grand Prix,2024-09-15,bottas,Valtteri Bottas,sauber,Sauber
2024,17,Azerbaijan Grand Prix,2024-09-15,perez,Sergio Pérez,red_bull,Red Bull
2024,17,Azerbaijan Grand Prix,2024-09-15,sainz,Carlos Sainz,ferrari,Ferrari
2024,17,Azerbaijan Grand Prix,2024-09-15,stroll,Lance Stroll,aston_martin,Aston Martin
2024,17,Azerbaijan Grand Prix,2024-09-15,tsunoda,Yuki Tsunoda,rb,RB F1 Team
2024,18,Singapore Grand Prix,2024-09-22,norris,Lando Norris,mclaren,McLaren
2024,18,Singapore Grand Prix,2024-09-22,max_verstappen,Max Verstappen,red_bull,Red Bull
2024,18,Singapore Grand Prix,2024-09-22,piastri,Oscar Piastri,mclaren,McLaren
2024,18,Singapore Grand Prix,2024-09-22,russell,George Russell,mercedes,Mercedes
2024,18,Singapore Grand Prix,2024-09-22,leclerc,Charles Leclerc,ferrari,Ferrari
2024,18,Singapore Grand Prix,2024-09-22,hamilton,Lewis Hamilton,mercedes,Mercedes
2024,18,Singapore Grand Prix,2024-09-22,sainz,Carlos Sainz,ferrari,Ferrari
2024,18,Singapore Grand Prix,2024-09-22,alonso,Fernando Alonso,aston_martin,Aston Martin
2024,18,Singapore Grand Prix,2024-09-22,hulkenberg,Nico Hülkenberg,haas,Haas F1 Team
2024,18,Singapore Grand Prix,2024-09-22,perez,Sergio Pérez,red_bull,Red Bull
2024,18,Singapore Grand Prix,2024-09-22,colapinto,Franco Colapinto,williams,Williams
2024,18,Singapore Grand Prix,2024-09-22,tsunoda,Yuki Tsunoda,rb,RB F1 Team
2024,18,Singapore Grand Prix,2024-09-22,ocon,Esteban Ocon,alpine,Alpine F1 Team
2024,18,Singapore Grand Prix,2024-09-22,stroll,Lance Stroll,aston_martin,Aston Martin
2024,18,Singapore Grand Prix,2024-09-22,zhou,Guanyu Zhou,sauber,Sauber
2024,18,Singapore Grand Prix,2024-09-22,bottas,Valtteri Bottas,sauber,Sauber
2024,18,Singapore Grand Prix,2024-09-22,gasly,Pierre Gasly,alpine,Alpine F1 Team
2024,18,Singapore Grand Prix,2024-09-22,ricciardo,Daniel Ricciardo,rb,RB F1 Team
2024,18,Singapore Grand Prix,2024-09-22,kevin_magnussen,Kevin Magnussen,haas,Haas F1 Team
2024,18,Singapore Grand Prix,2024-09-22,albon,Alexander Albon,williams,Williams
2024,19,United States Grand Prix,2024-10-20,leclerc,Charles Leclerc,ferrari,Ferrari
2024,19,United States Grand Prix,2024-10-20,sainz,Carlos Sainz,ferrari,Ferrari
2024,19,United States Grand Prix,2024-10-20,max_verstappen,Max Verstappen,red_bull,Red Bull
2024,19,United States Grand Prix,2024-10-20,norris,Lando Norris,mclaren,McLaren
2024,19,United States Grand Prix,2024-10-20,piastri,Oscar Piastri,mclaren,McLaren
2024,19,United States Grand Prix,2024-10-20,russell,George Russell,mercedes,Mercedes
2024,19,United States Grand Prix,2024-10-20,perez,Sergio Pérez,red_bull,Red Bull
2024,19,United States Grand Prix,2024-10-20,hulkenberg,Nico Hülkenberg,haas,Haas F1 Team
2024,19,United States Grand Prix,2024-10-20,lawson,Liam Lawson,rb,RB F1 Team
2024,19,United States Grand Prix,2024-10-20,colapinto,Franco Colapinto,williams,Williams
2024,19,United States Grand Prix,2024-10-20,kevin_magnussen,Kevin Magnussen,haas,Haas F1 Team
2024,19,United States Grand Prix,2024-10-20,gasly,Pierre Gasly,alpine,Alpine F1 Team
2024,19,United States Grand Prix,2024-10-20,alonso,Fernando Alonso,aston_martin,Aston Martin
2024,19,United States Grand Prix,2024-10-20,tsunoda,Yuki Tsunoda,rb,RB F1 Team
2024,19,United States Grand Prix,2024-10-20,stroll,Lance Stroll,aston_martin,Aston Martin
2024,19,United States Grand Prix,2024-10-20,albon,Alexander Albon,williams,Williams
2024,19,United States Grand Prix,2024-10-20,bottas,Valtteri Bottas,sauber,Sauber
2024,19,United States Grand Prix,2024-10-20,ocon,Esteban Ocon,alpine,Alpine F1 Team
2024,19,United States Grand Prix,2024-10-20,zhou,Guanyu Zhou,sauber,Sauber
2024,19,United States Grand Prix,2024-10-20,hamilton,Lewis Hamilton,mercedes,Mercedes
2024,20,Mexico City Grand Prix,2024-10-27,sainz,Carlos Sainz,ferrari,Ferrari
2024,20,Mexico City Grand Prix,2024-10-27,norris,Lando Norris,mclaren,McLaren
2024,20,Mexico City Grand Prix,2024-10-27,leclerc,Charles Leclerc,ferrari,Ferrari
2024,20,Mexico City Grand Prix,2024-10-27,hamilton,Lewis Hamilton,mercedes,Mercedes
2024,20,Mexico City Grand Prix,2024-10-27,russell,George Russell,mercedes,Mercedes
2024,20,Mexico City Grand Prix,2024-10-27,max_verstappen,Max Verstappen,red_bull,Red Bull
2024,20,Mexico City Grand Prix,2024-10-27,kevin_magnussen,Kevin Magnussen,haas,Haas F1 Team
2024,20,Mexico City Grand Prix,2024-10-27,piastri,Oscar Piastri,mclaren,McLaren
2024,20,Mexico City Grand Prix,2024-10-27,hulkenberg,Nico Hülkenberg,haas,Haas F1 Team
2024,20,Mexico City Grand Prix,2024-10-27,gasly,Pierre Gasly,alpine,Alpine F1 Team
2024,20,Mexico City Grand Prix,2024-10-27,stroll,Lance Stroll,aston_martin,Aston Martin
2024,20,Mexico City Grand Prix,2024-10-27,colapinto,Franco Colapinto,williams,Williams
2024,20,Mexico City Grand Prix,2024-10-27,ocon,Esteban Ocon,alpine,Alpine F1 Team
2024,20,Mexico City Grand Prix,2024-10-27,bottas,Valtteri Bottas,sauber,Sauber
2024,20,Mexico City Grand Prix,2024-10-27,zhou,Guanyu Zhou,sauber,Sauber
2024,20,Mexico City Grand Prix,2024-10-27,lawson,Liam Lawson,rb,RB F1 Team
2024,20,Mexico City Grand Prix,2024-10-27,perez,Sergio Pérez,red_bull,Red Bull
2024,20,Mexico City Grand Prix,2024-10-27,alonso,Fernando Alonso,aston_martin,Aston Martin
2024,20,Mexico City Grand Prix,2024-10-27,albon,Alexander Albon,williams,Williams
2024,20,Mexico City Grand Prix,2024-10-27,tsunoda,Yuki Tsunoda,rb,RB F1 Team
2024,21,São Paulo Grand Prix,2024-11-03,max_verstappen,Max Verstappen,red_bull,Red Bull
2024,21,São Paulo Grand Prix,2024-11-03,ocon,Esteban Ocon,alpine,Alpine F1 Team
2024,21,São Paulo Grand Prix,2024-11-03,gasly,Pierre Gasly,alpine,Alpine F1 Team
2024,21,São Paulo Grand Prix,2024-11-03,russell,George Russell,mercedes,Mercedes
2024,21,São Paulo Grand Prix,2024-11-03,leclerc,Charles Leclerc,ferrari,Ferrari
2024,21,São Paulo Grand Prix,2024-11-03,norris,Lando Norris,mclaren,McLaren
2024,21,São Paulo Grand Prix,2024-11-03,tsunoda,Yuki Tsunoda,rb,RB F1 Team
2024,21,São Paulo Grand Prix,2024-11-03,piastri,Oscar Piastri,mclaren,McLaren
2024,21,São Paulo Grand Prix,2024-11-03,lawson,Liam Lawson,rb,RB F1 Team
2024,21,São Paulo Grand Prix,2024-11-03,hamilton,Lewis Hamilton,mercedes,Mercedes
2024,21,São Paulo Grand Prix,2024-11-03,perez,Sergio Pérez,red_bull,Red Bull
2024,21,São Paulo Grand Prix,2024-11-03,bearman,Oliver Bearman,haas,Haas F1 Team
2024,21,São Paulo Grand Prix,2024-11-03,bottas,Valtteri Bottas,sauber,Sauber
2024,21,São Paulo Grand Prix,2024-11-03,alonso,Fernando Alonso,aston_martin,Aston Martin
2024,21,São Paulo Grand Prix,2024-11-03,zhou,Guanyu Zhou,sauber,Sauber
2024,21,São Paulo Grand Prix,2024-11-03,sainz,Carlos Sainz,ferrari,Ferrari
2024,21,São Paulo Grand Prix,2024-11-03,colapinto,Franco Colapinto,williams,Williams
2024,21,São Paulo Grand Prix,2024-11-03,albon,Alexander Albon,williams,Williams
2024,21,São Paulo Grand Prix,2024-11-03,stroll,Lance Stroll,aston_martin,Aston Martin
2024,21,São Paulo Grand Prix,2024-11-03,hulkenberg,Nico Hülkenberg,haas,Haas F1 Team
2024,22,Las Vegas Grand Prix,2024-11-23,russell,George Russell,mercedes,Mercedes
2024,22,Las Vegas Grand Prix,2024-11-23,hamilton,Lewis Hamilton,mercedes,Mercedes
2024,22,Las Vegas Grand Prix,2024-11-23,sainz,Carlos Sainz,ferrari,Ferrari
2024,22,Las Vegas Grand Prix,2024-11-23,leclerc,Charles Leclerc,ferrari,Ferrari
2024,22,Las Vegas Grand Prix,2024-11-23,max_verstappen,Max Verstappen,red_bull,Red Bull
2024,22,Las Vegas Grand Prix,2024-11-23,norris,Lando Norris,mclaren,McLaren
2024,22,Las Vegas Grand Prix,2024-11-23,piastri,Oscar Piastri,mclaren,McLaren
2024,22,Las Vegas Grand Prix,2024-11-23,hulkenberg,Nico Hülkenberg,haas,Haas F1 Team
2024,22,Las Vegas Grand Prix,2024-11-23,tsunoda,Yuki Tsunoda,rb,RB F1 Team
2024,22,Las Vegas Grand Prix,2024-11-23,perez,Sergio Pérez,red_bull,Red Bull
2024,22,Las Vegas Grand Prix,2024-11-23,alonso,Fernando Alonso,aston_martin,Aston Martin
2024,22,Las Vegas Grand Prix,2024-11-23,kevin_magnussen,Kevin Magnussen,haas,Haas F1 Team
2024,22,Las Vegas Grand Prix,2024-11-23,zhou,Guanyu Zhou,sauber,Sauber
2024,22,Las Vegas Grand Prix,2024-11-23,colapinto,Franco Colapinto,williams,Williams
2024,22,Las Vegas Grand Prix,2024-11-23,stroll,Lance Stroll,aston_martin,Aston Martin
2024,22,Las Vegas Grand Prix,2024-11-23,lawson,Liam Lawson,rb,RB F1 Team
2024,22,Las Vegas Grand Prix,2024-11-23,ocon,Esteban Ocon,alpine,Alpine F1 Team
2024,22,Las Vegas Grand Prix,2024-11-23,bottas,Valtteri Bottas,sauber,Sauber
2024,22,Las Vegas Grand Prix,2024-11-23,albon,Alexander Albon,williams,Williams
2024,22,Las Vegas Grand Prix,2024-11-23,gasly,Pierre Gasly,alpine,Alpine F1 Team
2024,23,Qatar Grand Prix,2024-12-01,max_verstappen,Max Verstappen,red_bull,Red Bull
2024,23,Qatar Grand Prix,2024-12-01,leclerc,Charles Leclerc,ferrari,Ferrari
2024,23,Qatar Grand Prix,2024-12-01,piastri,Oscar Piastri,mclaren,McLaren
2024,23,Qatar Grand Prix,2024-12-01,russell,George Russell,mercedes,Mercedes
2024,23,Qatar Grand Prix,2024-12-01,gasly,Pierre Gasly,alpine,Alpine F1 Team
2024,23,Qatar Grand Prix,2024-12-01,sainz,Carlos Sainz,ferrari,Ferrari
2024,23,Qatar Grand Prix,2024-12-01,alonso,Fernando Alonso,aston_martin,Aston Martin
2024,23,Qatar Grand Prix,2024-12-01,zhou,Guanyu Zhou,sauber,Sauber
2024,23,Qatar Grand Prix,2024-12-01,kevin_magnussen,Kevin Magnussen,haas,Haas F1 Team
2024,23,Qatar Grand Prix,2024-12-01,norris,Lando Norris,mclaren,McLaren
2024,23,Qatar Grand Prix,2024-12-01,bottas,Valtteri Bottas,sauber,Sauber
2024,23,Qatar Grand Prix,2024-12-01,hamilton,Lewis Hamilton,mercedes,Mercedes
2024,23,Qatar Grand Prix,2024-12-01,tsunoda,Yuki Tsunoda,rb,RB F1 Team
2024,23,Qatar Grand Prix,2024-12-01,lawson,Liam Lawson,rb,RB F1 Team
2024,23,Qatar Grand Prix,2024-12-01,albon,Alexander Albon,williams,Williams
2024,23,Qatar Grand Prix,2024-12-01,hulkenberg,Nico Hülkenberg,haas,Haas F1 Team
2024,23,Qatar Grand Prix,2024-12-01,perez,Sergio Pérez,red_bull,Red Bull
2024,23,Qatar Grand Prix,2024-12-01,stroll,Lance Stroll,aston_martin,Aston Martin
2024,23,Qatar Grand Prix,2024-12-01,colapinto,Franco Colapinto,williams,Williams
2024,23,Qatar Grand Prix,2024-12-01,ocon,Esteban Ocon,alpine,Alpine F1 Team
2024,24,Abu Dhabi Grand Prix,2024-12-08,norris,Lando Norris,mclaren,McLaren
2024,24,Abu Dhabi Grand Prix,2024-12-08,sainz,Carlos Sainz,ferrari,Ferrari
2024,24,Abu Dhabi Grand Prix,2024-12-08,leclerc,Charles Leclerc,ferrari,Ferrari
2024,24,Abu Dhabi Grand Prix,2024-12-08,hamilton,Lewis Hamilton,mercedes,Mercedes
2024,24,Abu Dhabi Grand Prix,2024-12-08,russell,George Russell,mercedes,Mercedes
2024,24,Abu Dhabi Grand Prix,2024-12-08,max_verstappen,Max Verstappen,red_bull,Red Bull
2024,24,Abu Dhabi Grand Prix,2024-12-08,gasly,Pierre Gasly,alpine,Alpine F1 Team
2024,24,Abu Dhabi Grand Prix,2024-12-08,hulkenberg,Nico Hülkenberg,haas,Haas F1 Team
2024,24,Abu Dhabi Grand Prix,2024-12-08,alonso,Fernando Alonso,aston_martin,Aston Martin
2024,24,Abu Dhabi Grand Prix,2024-12-08,piastri,Oscar Piastri,mclaren,McLaren
2024,24,Abu Dhabi Grand Prix,2024-12-08,albon,Alexander Albon,williams,Williams
2024,24,Abu Dhabi Grand Prix,2024-12-08,tsunoda,Yuki Tsunoda,rb,RB F1 Team
2024,24,Abu Dhabi Grand Prix,2024-12-08,zhou,Guanyu Zhou,sauber,Sauber
2024,24,Abu Dhabi Grand Prix,2024-12-08,stroll,Lance Stroll,aston_martin,Aston Martin
2024,24,Abu Dhabi Grand Prix,2024-12-08,doohan,Jack Doohan,alpine,Alpine F1 Team
2024,24,Abu Dhabi Grand Prix,2024-12-08,kevin_magnussen,Kevin Magnussen,haas,Haas F1 Team
2024,24,Abu Dhabi Grand Prix,2024-12-08,lawson,Liam Lawson,rb,RB F1 Team
2024,24,Abu Dhabi Grand Prix,2024-12-08,bottas,Valtteri Bottas,sauber,Sauber
2024,24,Abu Dhabi Grand Prix,2024-12-08,colapinto,Franco Colapinto,williams,Williams
2024,24,Abu Dhabi Grand Prix,2024-12-08,perez,Sergio Pérez,red_bull,Red Bull
2025,1,Australian Grand Prix,2025-03-16,norris,Lando Norris,mclaren,McLaren
2025,1,Australian Grand Prix,2025-03-16,max_verstappen,Max Verstappen,red_bull,Red Bull
2025,1,Australian Grand Prix,2025-03-16,russell,George Russell,mercedes,Mercedes
2025,1,Australian Grand Prix,2025-03-16,antonelli,Andrea Kimi Antonelli,mercedes,Mercedes
2025,1,Australian Grand Prix,2025-03-16,albon,Alexander Albon,williams,Williams
2025,1,Australian Grand Prix,2025-03-16,stroll,Lance Stroll,aston_martin,Aston Martin
2025,1,Australian Grand Prix,2025-03-16,hulkenberg,Nico Hülkenberg,sauber,Sauber
2025,1,Australian Grand Prix,2025-03-16,leclerc,Charles Leclerc,ferrari,Ferrari
2025,1,Australian Grand Prix,2025-03-16,piastri,Oscar Piastri,mclaren,McLaren
2025,1,Australian Grand Prix,2025-03-16,hamilton,Lewis Hamilton,ferrari,Ferrari
2025,1,Australian Grand Prix,2025-03-16,gasly,Pierre Gasly,alpine,Alpine F1 Team
2025,1,Australian Grand Prix,2025-03-16,tsunoda,Yuki Tsunoda,rb,RB F1 Team
2025,1,Australian Grand Prix,2025-03-16,ocon,Esteban Ocon,haas,Haas F1 Team
2025,1,Australian Grand Prix,2025-03-16,bearman,Oliver Bearman,haas,Haas F1 Team
2025,1,Australian Grand Prix,2025-03-16,lawson,Liam Lawson,red_bull,Red Bull
2025,1,Australian Grand Prix,2025-03-16,bortoleto,Gabriel Bortoleto,sauber,Sauber
2025,1,Australian Grand Prix,2025-03-16,alonso,Fernando Alonso,aston_martin,Aston Martin
2025,1,Australian Grand Prix,2025-03-16,sainz,Carlos Sainz,williams,Williams
2025,1,Australian Grand Prix,2025-03-16,doohan,Jack Doohan,alpine,Alpine F1 Team
2025,1,Australian Grand Prix,2025-03-16,hadjar,Isack Hadjar,rb,RB F1 Team
2025,2,Chinese Grand Prix,2025-03-23,piastri,Oscar Piastri,mclaren,McLaren
2025,2,Chinese Grand Prix,2025-03-23,norris,Lando Norris,mclaren,McLaren
2025,2,Chinese Grand Prix,2025-03-23,russell,George Russell,mercedes,Mercedes
2025,2,Chinese Grand Prix,2025-03-23,max_verstappen,Max Verstappen,red_bull,Red Bull
2025,2,Chinese Grand Prix,2025-03-23,ocon,Esteban Ocon,haas,Haas F1 Team
2025,2,Chinese Grand Prix,2025-03-23,antonelli,Andrea Kimi Antonelli,mercedes,Mercedes
2025,2,Chinese Grand Prix,2025-03-23,albon,Alexander Albon,williams,Williams
2025,2,Chinese Grand Prix,2025-03-23,bearman,Oliver Bearman,haas,Haas F1 Team
2025,2,Chinese Grand Prix,2025-03-23,stroll,Lance Stroll,aston_martin,Aston Martin
2025,2,Chinese Grand Prix,2025-03-23,sainz,Carlos Sainz,williams,Williams
2025,2,Chinese Grand Prix,2025-03-23,hadjar,Isack Hadjar,rb,RB F1 Team
2025,2,Chinese Grand Prix,2025-03-23,lawson,Liam Lawson,red_bull,Red Bull
2025,2,Chinese Grand Prix,2025-03-23,doohan,Jack Doohan,alpine,Alpine F1 Team
2025,2,Chinese Grand Prix,2025-03-23,bortoleto,Gabriel Bortoleto,sauber,Sauber
2025,2,Chinese Grand Prix,2025-03-23,hulkenberg,Nico Hülkenberg,sauber,Sauber
2025,2,Chinese Grand Prix,2025-03-23,tsunoda,Yuki Tsunoda,rb,RB F1 Team
2025,2,Chinese Grand Prix,2025-03-23,alonso,Fernando Alonso,aston_martin,Aston Martin
2025,2,Chinese Grand Prix,2025-03-23,leclerc,Charles Leclerc,ferrari,Ferrari
2025,2,Chinese Grand Prix,2025-03-23,hamilton,Lewis Hamilton,ferrari,Ferrari
2025,2,Chinese Grand Prix,2025-03-23,gasly,Pierre Gasly,alpine,Alpine F1 Team
2025,3,Japanese Grand Prix,2025-04-06,max_verstappen,Max Verstappen,red_bull,Red Bull
2025,3,Japanese Grand Prix,2025-04-06,norris,Lando Norris,mclaren,McLaren
2025,3,Japanese Grand Prix,2025-04-06,piastri,Oscar Piastri,mclaren,McLaren
2025,3,Japanese Grand Prix,2025-04-06,leclerc,Charles Leclerc,ferrari,Ferrari
2025,3,Japanese Grand Prix,2025-04-06,russell,George Russell,mercedes,Mercedes
2025,3,Japanese Grand Prix,2025-04-06,antonelli,Andrea Kimi Antonelli,mercedes,Mercedes
2025,3,Japanese Grand Prix,2025-04-06,hamilton,Lewis Hamilton,ferrari,Ferrari
2025,3,Japanese Grand Prix,2025-04-06,hadjar,Isack Hadjar,rb,RB F1 Team
2025,3,Japanese Grand Prix,2025-04-06,albon,Alexander Albon,williams,Williams
2025,3,Japanese Grand Prix,2025-04-06,bearman,Oliver Bearman,haas,Haas F1 Team
2025,3,Japanese Grand Prix,2025-04-06,alonso,Fernando Alonso,aston_martin,Aston Martin
2025,3,Japanese Grand Prix,2025-04-06,tsunoda,Yuki Tsunoda,red_bull,Red Bull
2025,3,Japanese Grand Prix,2025-04-06,gasly,Pierre Gasly,alpine,Alpine F1 Team
2025,3,Japanese Grand Prix,2025-04-06,sainz,Carlos Sainz,williams,Williams
2025,3,Japanese Grand Prix,2025-04-06,doohan,Jack Doohan,alpine,Alpine F1 Team
2025,3,Japanese Grand Prix,2025-04-06,hulkenberg,Nico Hülkenberg,sauber,Sauber
2025,3,Japanese Grand Prix,2025-04-06,lawson,Liam Lawson,rb,RB F1 Team
2025,3,Japanese Grand Prix,2025-04-06,ocon,Esteban Ocon,haas,Haas F1 Team
2025,3,Japanese Grand Prix,2025-04-06,bortoleto,Gabriel Bortoleto,sauber,Sauber
2025,3,Japanese Grand Prix,2025-04-06,stroll,Lance Stroll,aston_martin,Aston Martin
2025,4,Bahrain Grand Prix,2025-04-13,piastri,Oscar Piastri,mclaren,McLaren
2025,4,Bahrain Grand Prix,2025-04-13,russell,George Russell,mercedes,Mercedes
2025,4,Bahrain Grand Prix,2025-04-13,norris,Lando Norris,mclaren,McLaren
2025,4,Bahrain Grand Prix,2025-04-13,leclerc,Charles Leclerc,ferrari,Ferrari
2025,4,Bahrain Grand Prix,2025-04-13,hamilton,Lewis Hamilton,ferrari,Ferrari
2025,4,Bahrain Grand Prix,2025-04-13,max_verstappen,Max Verstappen,red_bull,Red Bull
2025,4,Bahrain Grand Prix,2025-04-13,gasly,Pierre Gasly,alpine,Alpine F1 Team
2025,4,Bahrain Grand Prix,2025-04-13,ocon,Esteban Ocon,haas,Haas F1 Team
2025,4,Bahrain Grand Prix,2025-04-13,tsunoda,Yuki Tsunoda,red_bull,Red Bull
2025,4,Bahrain Grand Prix,2025-04-13,bearman,Oliver Bearman,haas,Haas F1 Team
2025,4,Bahrain Grand Prix,2025-04-13,antonelli,Andrea Kimi Antonelli,mercedes,Mercedes
2025,4,Bahrain Grand Prix,2025-04-13,albon,Alexander Albon,williams,Williams
2025,4,Bahrain Grand Prix,2025-04-13,hadjar,Isack Hadjar,rb,RB F1 Team
2025,4,Bahrain Grand Prix,2025-04-13,doohan,Jack Doohan,alpine,Alpine F1 Team
2025,4,Bahrain Grand Prix,2025-04-13,alonso,Fernando Alonso,aston_martin,Aston Martin
2025,4,Bahrain Grand Prix,2025-04-13,lawson,Liam Lawson,rb,RB F1 Team
2025,4,Bahrain Grand Prix,2025-04-13,stroll,Lance Stroll,aston_martin,Aston Martin
2025,4,Bahrain Grand Prix,2025-04-13,bortoleto,Gabriel Bortoleto,sauber,Sauber
2025,4,Bahrain Grand Prix,2025-04-13,sainz,Carlos Sainz,williams,Williams
2025,4,Bahrain Grand Prix,2025-04-13,hulkenberg,Nico Hülkenberg,sauber,Sauber
2025,5,Saudi Arabian Grand Prix,2025-04-20,piastri,Oscar Piastri,mclaren,McLaren
2025,5,Saudi Arabian Grand Prix,2025-04-20,max_verstappen,Max Verstappen,red_bull,Red Bull
2025,5,Saudi Arabian Grand Prix,2025-04-20,leclerc,Charles Leclerc,ferrari,Ferrari
2025,5,Saudi Arabian Grand Prix,2025-04-20,norris,Lando Norris,mclaren,McLaren
2025,5,Saudi Arabian Grand Prix,2025-04-20,russell,George Russell,mercedes,Mercedes
2025,5,Saudi Arabian Grand Prix,2025-04-20,antonelli,Andrea Kimi Antonelli,mercedes,Mercedes
2025,5,Saudi Arabian Grand Prix,2025-04-20,hamilton,Lewis Hamilton,ferrari,Ferrari
2025,5,Saudi Arabian Grand Prix,2025-04-20,sainz,Carlos Sainz,williams,Williams
2025,5,Saudi Arabian Grand Prix,2025-04-20,albon,Alexander Albon,williams,Williams
2025,5,Saudi Arabian Grand Prix,2025-04-20,hadjar,Isack Hadjar,rb,RB F1 Team
2025,5,Saudi Arabian Grand Prix,2025-04-20,alonso,Fernando Alonso,aston_martin,Aston Martin
2025,5,Saudi Arabian Grand Prix,2025-04-20,lawson,Liam Lawson,rb,RB F1 Team
2025,5,Saudi Arabian Grand Prix,2025-04-20,bearman,Oliver Bearman,haas,Haas F1 Team
2025,5,Saudi Arabian Grand Prix,2025-04-20,ocon,Esteban Ocon,haas,Haas F1 Team
2025,5,Saudi Arabian Grand Prix,2025-04-20,hulkenberg,Nico Hülkenberg,sauber,Sauber
2025,5,Saudi Arabian Grand Prix,2025-04-20,stroll,Lance Stroll,aston_martin,Aston Martin
2025,5,Saudi Arabian Grand Prix,2025-04-20,doohan,Jack Doohan,alpine,Alpine F1 Team
2025,5,Saudi Arabian Grand Prix,2025-04-20,bortoleto,Gabriel Bortoleto,sauber,Sauber
2025,5,Saudi Arabian Grand Prix,2025-04-20,tsunoda,Yuki Tsunoda,red_bull,Red Bull
2025,5,Saudi Arabian Grand Prix,2025-04-20,gasly,Pierre Gasly,alpine,Alpine F1 Team
2025,6,Miami Grand Prix,2025-05-04,piastri,Oscar Piastri,mclaren,McLaren
2025,6,Miami Grand Prix,2025-05-04,norris,Lando Norris,mclaren,McLaren
2025,6,Miami Grand Prix,2025-05-04,russell,George Russell,mercedes,Mercedes
2025,6,Miami Grand Prix,2025-05-04,max_verstappen,Max Verstappen,red_bull,Red Bull
2025,6,Miami Grand Prix,2025-05-04,albon,Alexander Albon,williams,Williams
2025,6,Miami Grand Prix,2025-05-04,antonelli,Andrea Kimi Antonelli,mercedes,Mercedes
2025,6,Miami Grand Prix,2025-05-04,leclerc,Charles Leclerc,ferrari,Ferrari
2025,6,Miami Grand Prix,2025-05-04,hamilton,Lewis Hamilton,ferrari,Ferrari
2025,6,Miami Grand Prix,2025-05-04,sainz,Carlos Sainz,williams,Williams
2025,6,Miami Grand Prix,2025-05-04,tsunoda,Yuki Tsunoda,red_bull,Red Bull
2025,6,Miami Grand Prix,2025-05-04,hadjar,Isack Hadjar,rb,RB F1 Team
2025,6,Miami Grand Prix,2025-05-04,ocon,Esteban Ocon,haas,Haas F1 Team
2025,6,Miami Grand Prix,2025-05-04,gasly,Pierre Gasly,alpine,Alpine F1 Team
2025,6,Miami Grand Prix,2025-05-04,hulkenberg,Nico Hülkenberg,sauber,Sauber
2025,6,Miami Grand Prix,2025-05-04,alonso,Fernando Alonso,aston_martin,Aston Martin
2025,6,Miami Grand Prix,2025-05-04,stroll,Lance Stroll,aston_martin,Aston Martin
2025,6,Miami Grand Prix,2025-05-04,lawson,Liam Lawson,rb,RB F1 Team
2025,6,Miami Grand Prix,2025-05-04,bortoleto,Gabriel Bortoleto,sauber,Sauber
2025,6,Miami Grand Prix,2025-05-04,bearman,Oliver Bearman,haas,Haas F1 Team
2025,6,Miami Grand Prix,2025-05-04,doohan,Jack Doohan,alpine,Alpine F1 Team
2025,7,Emilia Romagna Grand Prix,2025-05-18,max_verstappen,Max Verstappen,red_bull,Red Bull
2025,7,Emilia Romagna Grand Prix,2025-05-18,norris,Lando Norris,mclaren,McLaren
2025,7,Emilia Romagna Grand Prix,2025-05-18,piastri,Oscar Piastri,mclaren,McLaren
2025,7,Emilia Romagna Grand Prix,2025-05-18,hamilton,Lewis Hamilton,ferrari,Ferrari
2025,7,Emilia Romagna Grand Prix,2025-05-18,albon,Alexander Albon,williams,Williams
2025,7,Emilia Romagna Grand Prix,2025-05-18,leclerc,Charles Leclerc,ferrari,Ferrari
2025,7,Emilia Romagna Grand Prix,2025-05-18,russell,George Russell,mercedes,Mercedes
2025,7,Emilia Romagna Grand Prix,2025-05-18,sainz,Carlos Sainz,williams,Williams
2025,7,Emilia Romagna Grand Prix,2025-05-18,hadjar,Isack Hadjar,rb,RB F1 Team
2025,7,Emilia Romagna Grand Prix,2025-05-18,tsunoda,Yuki Tsunoda,red_bull,Red Bull
2025,7,Emilia Romagna Grand Prix,2025-05-18,alonso,Fernando Alonso,aston_martin,Aston Martin
2025,7,Emilia Romagna Grand Prix,2025-05-18,hulkenberg,Nico Hülkenberg,sauber,Sauber
2025,7,Emilia Romagna Grand Prix,2025-05-18,gasly,Pierre Gasly,alpine,Alpine F1 Team
2025,7,Emilia Romagna Grand Prix,2025-05-18,lawson,Liam Lawson,rb,RB F1 Team
2025,7,Emilia Romagna Grand Prix,2025-05-18,stroll,Lance Stroll,aston_martin,Aston Martin
2025,7,Emilia Romagna Grand Prix,2025-05-18,colapinto,Franco Colapinto,alpine,Alpine F1 Team
2025,7,Emilia Romagna Grand Prix,2025-05-18,bearman,Oliver Bearman,haas,Haas F1 Team
2025,7,Emilia Romagna Grand Prix,2025-05-18,bortoleto,Gabriel Bortoleto,sauber,Sauber
2025,7,Emilia Romagna Grand Prix,2025-05-18,antonelli,Andrea Kimi Antonelli,mercedes,Mercedes
2025,7,Emilia Romagna Grand Prix,2025-05-18,ocon,Esteban Ocon,haas,Haas F1 Team
2025,8,Monaco Grand Prix,2025-05-25,norris,Lando Norris,mclaren,McLaren
2025,8,Monaco Grand Prix,2025-05-25,leclerc,Charles Leclerc,ferrari,Ferrari
2025,8,Monaco Grand Prix,2025-05-25,piastri,Oscar Piastri,mclaren,McLaren
2025,8,Monaco Grand Prix,2025-05-25,max_verstappen,Max Verstappen,red_bull,Red Bull
2025,8,Monaco Grand Prix,2025-05-25,hamilton,Lewis Hamilton,ferrari,Ferrari
2025,8,Monaco Grand Prix,2025-05-25,hadjar,Isack Hadjar,rb,RB F1 Team
2025,8,Monaco Grand Prix,2025-05-25,ocon,Esteban Ocon,haas,Haas F1 Team
2025,8,Monaco Grand Prix,2025-05-25,lawson,Liam Lawson,rb,RB F1 Team
2025,8,Monaco Grand Prix,2025-05-25,albon,Alexander Albon,williams,Williams
2025,8,Monaco Grand Prix,2025-05-25,sainz,Carlos Sainz,williams,Williams
2025,8,Monaco Grand Prix,2025-05-25,russell,George Russell,mercedes,Mercedes
2025,8,Monaco Grand Prix,2025-05-25,bearman,Oliver Bearman,haas,Haas F1 Team
2025,8,Monaco Grand Prix,2025-05-25,colapinto,Franco Colapinto,alpine,Alpine F1 Team
2025,8,Monaco Grand Prix,2025-05-25,bortoleto,Gabriel Bortoleto,sauber,Sauber
2025,8,Monaco Grand Prix,2025-05-25,stroll,Lance Stroll,aston_martin,Aston Martin
2025,8,Monaco Grand Prix,2025-05-25,hulkenberg,Nico Hülkenberg,sauber,Sauber
2025,8,Monaco Grand Prix,2025-05-25,tsunoda,Yuki Tsunoda,red_bull,Red Bull
2025,8,Monaco Grand Prix,2025-05-25,antonelli,Andrea Kimi Antonelli,mercedes,Mercedes
2025,8,Monaco Grand Prix,2025-05-25,alonso,Fernando Alonso,aston_martin,Aston Martin
2025,8,Monaco Grand Prix,2025-05-25,gasly,Pierre Gasly,alpine,Alpine F1 Team
2025,9,Spanish Grand Prix,2025-06-01,piastri,Oscar Piastri,mclaren,McLaren
2025,9,Spanish Grand Prix,2025-06-01,norris,Lando Norris,mclaren,McLaren
2025,9,Spanish Grand Prix,2025-06-01,leclerc,Charles Leclerc,ferrari,Ferrari
2025,9,Spanish Grand Prix,2025-06-01,russell,George Russell,mercedes,Mercedes
2025,9,Spanish Grand Prix,2025-06-01,hulkenberg,Nico Hülkenberg,sauber,Sauber
2025,9,Spanish Grand Prix,2025-06-01,hamilton,Lewis Hamilton,ferrari,Ferrari
2025,9,Spanish Grand Prix,2025-06-01,hadjar,Isack Hadjar,rb,RB F1 Team
2025,9,Spanish Grand Prix,2025-06-01,gasly,Pierre Gasly,alpine,Alpine F1 Team
2025,9,Spanish Grand Prix,2025-06-01,alonso,Fernando Alonso,aston_martin,Aston Martin
2025,9,Spanish Grand Prix,2025-06-01,max_verstappen,Max Verstappen,red_bull,Red Bull
2025,9,Spanish Grand Prix,2025-06-01,lawson,Liam Lawson,rb,RB F1 Team
2025,9,Spanish Grand Prix,2025-06-01,bortoleto,Gabriel Bortoleto,sauber,Sauber
2025,9,Spanish Grand Prix,2025-06-01,tsunoda,Yuki Tsunoda,red_bull,Red Bull
2025,9,Spanish Grand Prix,2025-06-01,sainz,Carlos Sainz,williams,Williams
2025,9,Spanish Grand Prix,2025-06-01,colapinto,Franco Colapinto,alpine,Alpine F1 Team
2025,9,Spanish Grand Prix,2025-06-01,ocon,Esteban Ocon,haas,Haas F1 Team
2025,9,Spanish Grand Prix,2025-06-01,bearman,Oliver Bearman,haas,Haas F1 Team
2025,9,Spanish Grand Prix,2025-06-01,antonelli,Andrea Kimi Antonelli,mercedes,Mercedes
2025,9,Spanish Grand Prix,2025-06-01,albon,Alexander Albon,williams,Williams
2025,10,Canadian Grand Prix,2025-06-15,russell,George Russell,mercedes,Mercedes
2025,10,Canadian Grand Prix,2025-06-15,max_verstappen,Max Verstappen,red_bull,Red Bull
2025,10,Canadian Grand Prix,2025-06-15,antonelli,Andrea Kimi Antonelli,mercedes,Mercedes
2025,10,Canadian Grand Prix,2025-06-15,piastri,Oscar Piastri,mclaren,McLaren
2025,10,Canadian Grand Prix,2025-06-15,leclerc,Charles Leclerc,ferrari,Ferrari
2025,10,Canadian Grand Prix,2025-06-15,hamilton,Lewis Hamilton,ferrari,Ferrari
2025,10,Canadian Grand Prix,2025-06-15,alonso,Fernando Alonso,aston_martin,Aston Martin
2025,10,Canadian Grand Prix,2025-06-15,hulkenberg,Nico Hülkenberg,sauber,Sauber
2025,10,Canadian Grand Prix,2025-06-15,ocon,Esteban Ocon,haas,Haas F1 Team
2025,10,Canadian Grand Prix,2025-06-15,sainz,Carlos Sainz,williams,Williams
2025,10,Canadian Grand Prix,2025-06-15,bearman,Oliver Bearman,haas,Haas F1 Team
2025,10,Canadian Grand Prix,2025-06-15,tsunoda,Yuki Tsunoda,red_bull,Red Bull
2025,10,Canadian Grand Prix,2025-06-15,colapinto,Franco Colapinto,alpine,Alpine F1 Team
2025,10,Canadian Grand Prix,2025-06-15,bortoleto,Gabriel Bortoleto,sauber,Sauber
2025,10,Canadian Grand Prix,2025-06-15,gasly,Pierre Gasly,alpine,Alpine F1 Team
2025,10,Canadian Grand Prix,2025-06-15,hadjar,Isack Hadjar,rb,RB F1 Team
2025,10,Canadian Grand Prix,2025-06-15,stroll,Lance Stroll,aston_martin,Aston Martin
2025,10,Canadian Grand Prix,2025-06-15,norris,Lando Norris,mclaren,McLaren
2025,10,Canadian Grand Prix,2025-06-15,lawson,Liam Lawson,rb,RB F1 Team
2025,10,Canadian Grand Prix,2025-06-15,albon,Alexander Albon,williams,Williams
2025,11,Austrian Grand Prix,2025-06-29,norris,Lando Norris,mclaren,McLaren
2025,11,Austrian Grand Prix,2025-06-29,piastri,Oscar Piastri,mclaren,McLaren
2025,11,Austrian Grand Prix,2025-06-29,leclerc,Charles Leclerc,ferrari,Ferrari
2025,11,Austrian Grand Prix,2025-06-29,hamilton,Lewis Hamilton,ferrari,Ferrari
2025,11,Austrian Grand Prix,2025-06-29,russell,George Russell,mercedes,Mercedes
2025,11,Austrian Grand Prix,2025-06-29,lawson,Liam Lawson,rb,RB F1 Team
2025,11,Austrian Grand Prix,2025-06-29,alonso,Fernando Alonso,aston_martin,Aston Martin
2025,11,Austrian Grand Prix,2025-06-29,bortoleto,Gabriel Bortoleto,sauber,Sauber
2025,11,Austrian Grand Prix,2025-06-29,hulkenberg,Nico Hülkenberg,sauber,Sauber
2025,11,Austrian Grand Prix,2025-06-29,ocon,Esteban Ocon,haas,Haas F1 Team
2025,11,Austrian Grand Prix,2025-06-29,bearman,Oliver Bearman,haas,Haas F1 Team
2025,11,Austrian Grand Prix,2025-06-29,hadjar,Isack Hadjar,rb,RB F1 Team
2025,11,Austrian Grand Prix,2025-06-29,gasly,Pierre Gasly,alpine,Alpine F1 Team
2025,11,Austrian Grand Prix,2025-06-29,stroll,Lance Stroll,aston_martin,Aston Martin
2025,11,Austrian Grand Prix,2025-06-29,colapinto,Franco Colapinto,alpine,Alpine F1 Team
2025,11,Austrian Grand Prix,2025-06-29,tsunoda,Yuki Tsunoda,red_bull,Red Bull
2025,11,Austrian Grand Prix,2025-06-29,albon,Alexander Albon,williams,Williams
2025,11,Austrian Grand Prix,2025-06-29,max_verstappen,Max Verstappen,red_bull,Red Bull
2025,11,Austrian Grand Prix,2025-06-29,antonelli,Andrea Kimi Antonelli,mercedes,Mercedes
2025,11,Austrian Grand Prix,2025-06-29,sainz,Carlos Sainz,williams,Williams
2025,12,British Grand Prix,2025-07-06,norris,Lando Norris,mclaren,McLaren
2025,12,British Grand Prix,2025-07-06,piastri,Oscar Piastri,mclaren,McLaren
2025,12,British Grand Prix,2025-07-06,hulkenberg,Nico Hülkenberg,sauber,Sauber
2025,12,British Grand Prix,2025-07-06,hamilton,Lewis Hamilton,ferrari,Ferrari
2025,12,British Grand Prix,2025-07-06,max_verstappen,Max Verstappen,red_bull,Red Bull
2025,12,British Grand Prix,2025-07-06,gasly,Pierre Gasly,alpine,Alpine F1 Team
2025,12,British Grand Prix,2025-07-06,stroll,Lance Stroll,aston_martin,Aston Martin
2025,12,British Grand Prix,2025-07-06,albon,Alexander Albon,williams,Williams
2025,12,British Grand Prix,2025-07-06,alonso,Fernando Alonso,aston_martin,Aston Martin
2025,12,British Grand Prix,2025-07-06,russell,George Russell,mercedes,Mercedes
2025,12,British Grand Prix,2025-07-06,bearman,Oliver Bearman,haas,Haas F1 Team
2025,12,British Grand Prix,2025-07-06,sainz,Carlos Sainz,williams,Williams
2025,12,British Grand Prix,2025-07-06,ocon,Esteban Ocon,haas,Haas F1 Team
2025,12,British Grand Prix,2025-07-06,leclerc,Charles Leclerc,ferrari,Ferrari
2025,12,British Grand Prix,2025-07-06,tsunoda,Yuki Tsunoda,red_bull,Red Bull
2025,12,British Grand Prix,2025-07-06,antonelli,Andrea Kimi Antonelli,mercedes,Mercedes
2025,12,British Grand Prix,2025-07-06,hadjar,Isack Hadjar,rb,RB F1 Team
2025,12,British Grand Prix,2025-07-06,bortoleto,Gabriel Bortoleto,sauber,Sauber
2025,12,British Grand Prix,2025-07-06,lawson,Liam Lawson,rb,RB F1 Team
2025,12,British Grand Prix,2025-07-06,colapinto,Franco Colapinto,alpine,Alpine F1 Team
2025,13,Belgian Grand Prix,2025-07-27,piastri,Oscar Piastri,mclaren,McLaren
2025,13,Belgian Grand Prix,2025-07-27,norris,Lando Norris,mclaren,McLaren
2025,13,Belgian Grand Prix,2025-07-27,leclerc,Charles Leclerc,ferrari,Ferrari
2025,13,Belgian Grand Prix,2025-07-27,max_verstappen,Max Verstappen,red_bull,Red Bull
2025,13,Belgian Grand Prix,2025-07-27,russell,George Russell,mercedes,Mercedes
2025,13,Belgian Grand Prix,2025-07-27,albon,Alexander Albon,williams,Williams
2025,13,Belgian Grand Prix,2025-07-27,hamilton,Lewis Hamilton,ferrari,Ferrari
2025,13,Belgian Grand Prix,2025-07-27,lawson,Liam Lawson,rb,RB F1 Team
2025,13,Belgian Grand Prix,2025-07-27,bortoleto,Gabriel Bortoleto,sauber,Sauber
2025,13,Belgian Grand Prix,2025-07-27,gasly,Pierre Gasly,alpine,Alpine F1 Team
2025,13,Belgian Grand Prix,2025-07-27,bearman,Oliver Bearman,haas,Haas F1 Team
2025,13,Belgian Grand Prix,2025-07-27,hulkenberg,Nico Hülkenberg,sauber,Sauber
2025,13,Belgian Grand Prix,2025-07-27,tsunoda,Yuki Tsunoda,red_bull,Red Bull
2025,13,Belgian Grand Prix,2025-07-27,stroll,Lance Stroll,aston_martin,Aston Martin
2025,13,Belgian Grand Prix,2025-07-27,ocon,Esteban Ocon,haas,Haas F1 Team
2025,13,Belgian Grand Prix,2025-07-27,antonelli,Andrea Kimi Antonelli,mercedes,Mercedes
2025,13,Belgian Grand Prix,2025-07-27,alonso,Fernando Alonso,aston_martin,Aston Martin
2025,13,Belgian Grand Prix,2025-07-27,sainz,Carlos Sainz,williams,Williams
2025,13,Belgian Grand Prix,2025-07-27,colapinto,Franco Colapinto,alpine,Alpine F1 Team
2025,13,Belgian Grand Prix,2025-07-27,hadjar,Isack Hadjar,rb,RB F1 Team
2025,14,Hungarian Grand Prix,2025-08-03,norris,Lando Norris,mclaren,McLaren
2025,14,Hungarian Grand Prix,2025-08-03,piastri,Oscar Piastri,mclaren,McLaren
2025,14,Hungarian Grand Prix,2025-08-03,russell,George Russell,mercedes,Mercedes
2025,14,Hungarian Grand Prix,2025-08-03,leclerc,Charles Leclerc,ferrari,Ferrari
2025,14,Hungarian Grand Prix,2025-08-03,alonso,Fernando Alonso,aston_martin,Aston Martin
2025,14,Hungarian Grand Prix,2025-08-03,bortoleto,Gabriel Bortoleto,sauber,Sauber
2025,14,Hungarian Grand Prix,2025-08-03,stroll,Lance Stroll,aston_martin,Aston Martin
2025,14,Hungarian Grand Prix,2025-08-03,lawson,Liam Lawson,rb,RB F1 Team
2025,14,Hungarian Grand Prix,2025-08-03,max_verstappen,Max Verstappen,red_bull,Red Bull
2025,14,Hungarian Grand Prix,2025-08-03,antonelli,Andrea Kimi Antonelli,mercedes,Mercedes
2025,14,Hungarian Grand Prix,2025-08-03,hadjar,Isack Hadjar,rb,RB F1 Team
2025,14,Hungarian Grand Prix,2025-08-03,hamilton,Lewis Hamilton,ferrari,Ferrari
2025,14,Hungarian Grand Prix,2025-08-03,hulkenberg,Nico Hülkenberg,sauber,Sauber
2025,14,Hungarian Grand Prix,2025-08-03,sainz,Carlos Sainz,williams,Williams
2025,14,Hungarian Grand Prix,2025-08-03,albon,Alexander Albon,williams,Williams
2025,14,Hungarian Grand Prix,2025-08-03,ocon,Esteban Ocon,haas,Haas F1 Team
2025,14,Hungarian Grand Prix,2025-08-03,tsunoda,Yuki Tsunoda,red_bull,Red Bull
2025,14,Hungarian Grand Prix,2025-08-03,colapinto,Franco Colapinto,alpine,Alpine F1 Team
2025,14,Hungarian Grand Prix,2025-08-03,gasly,Pierre Gasly,alpine,Alpine F1 Team
2025,14,Hungarian Grand Prix,2025-08-03,bearman,Oliver Bearman,haas,Haas F1 Team
2025,15,Dutch Grand Prix,2025-08-31,piastri,Oscar Piastri,mclaren,McLaren
2025,15,Dutch Grand Prix,2025-08-31,max_verstappen,Max Verstappen,red_bull,Red Bull
2025,15,Dutch Grand Prix,2025-08-31,hadjar,Isack Hadjar,rb,RB F1 Team
2025,15,Dutch Grand Prix,2025-08-31,russell,George Russell,mercedes,Mercedes
2025,15,Dutch Grand Prix,2025-08-31,albon,Alexander Albon,williams,Williams
2025,15,Dutch Grand Prix,2025-08-31,bearman,Oliver Bearman,haas,Haas F1 Team
2025,15,Dutch Grand Prix,2025-08-31,stroll,Lance Stroll,aston_martin,Aston Martin
2025,15,Dutch Grand Prix,2025-08-31,alonso,Fernando Alonso,aston_martin,Aston Martin
2025,15,Dutch Grand Prix,2025-08-31,tsunoda,Yuki Tsunoda,red_bull,Red Bull
2025,15,Dutch Grand Prix,2025-08-31,ocon,Esteban Ocon,haas,Haas F1 Team
2025,15,Dutch Grand Prix,2025-08-31,colapinto,Franco Colapinto,alpine,Alpine F1 Team
2025,15,Dutch Grand Prix,2025-08-31,lawson,Liam Lawson,rb,RB F1 Team
2025,15,Dutch Grand Prix,2025-08-31,sainz,Carlos Sainz,williams,Williams
2025,15,Dutch Grand Prix,2025-08-31,hulkenberg,Nico Hülkenberg,sauber,Sauber
2025,15,Dutch Grand Prix,2025-08-31,bortoleto,Gabriel Bortoleto,sauber,Sauber
2025,15,Dutch Grand Prix,2025-08-31,antonelli,Andrea Kimi Antonelli,mercedes,Mercedes
2025,15,Dutch Grand Prix,2025-08-31,gasly,Pierre Gasly,alpine,Alpine F1 Team
2025,15,Dutch Grand Prix,2025-08-31,norris,Lando Norris,mclaren,McLaren
2025,15,Dutch Grand Prix,2025-08-31,leclerc,Charles Leclerc,ferrari,Ferrari
2025,15,Dutch Grand Prix,2025-08-31,hamilton,Lewis Hamilton,ferrari,Ferrari
2025,16,Italian Grand Prix,2025-09-07,max_verstappen,Max Verstappen,red_bull,Red Bull
2025,16,Italian Grand Prix,2025-09-07,norris,Lando Norris,mclaren,McLaren
2025,16,Italian Grand Prix,2025-09-07,piastri,Oscar Piastri,mclaren,McLaren
2025,16,Italian Grand Prix,2025-09-07,leclerc,Charles Leclerc,ferrari,Ferrari
2025,16,Italian Grand Prix,2025-09-07,russell,George Russell,mercedes,Mercedes
2025,16,Italian Grand Prix,2025-09-07,hamilton,Lewis Hamilton,ferrari,Ferrari
2025,16,Italian Grand Prix,2025-09-07,albon,Alexander Albon,williams,Williams
2025,16,Italian Grand Prix,2025-09-07,bortoleto,Gabriel Bortoleto,sauber,Sauber
2025,16,Italian Grand Prix,2025-09-07,antonelli,Andrea Kimi Antonelli,mercedes,Mercedes
2025,16,Italian Grand Prix,2025-09-07,hadjar,Isack Hadjar,rb,RB F1 Team
2025,16,Italian Grand Prix,2025-09-07,sainz,Carlos Sainz,williams,Williams
2025,16,Italian Grand Prix,2025-09-07,bearman,Oliver Bearman,haas,Haas F1 Team
2025,16,Italian Grand Prix,2025-09-07,tsunoda,Yuki Tsunoda,red_bull,Red Bull
2025,16,Italian Grand Prix,2025-09-07,lawson,Liam Lawson,rb,RB F1 Team
2025,16,Italian Grand Prix,2025-09-07,ocon,Esteban Ocon,haas,Haas F1 Team
2025,16,Italian Grand Prix,2025-09-07,gasly,Pierre Gasly,alpine,Alpine F1 Team
2025,16,Italian Grand Prix,2025-09-07,colapinto,Franco Colapinto,alpine,Alpine F1 Team
2025,16,Italian Grand Prix,2025-09-07,stroll,Lance Stroll,aston_martin,Aston Martin
2025,16,Italian Grand Prix,2025-09-07,alonso,Fernando Alonso,aston_martin,Aston Martin
2025,16,Italian Grand Prix,2025-09-07,hulkenberg,Nico Hülkenberg,sauber,Sauber
2025,17,Azerbaijan Grand Prix,2025-09-21,max_verstappen,Max Verstappen,red_bull,Red Bull
2025,17,Azerbaijan Grand Prix,2025-09-21,russell,George Russell,mercedes,Mercedes
2025,17,Azerbaijan Grand Prix,2025-09-21,sainz,Carlos Sainz,williams,Williams
2025,17,Azerbaijan Grand Prix,2025-09-21,antonelli,Andrea Kimi Antonelli,mercedes,Mercedes
2025,17,Azerbaijan Grand Prix,2025-09-21,lawson,Liam Lawson,rb,RB F1 Team
2025,17,Azerbaijan Grand Prix,2025-09-21,tsunoda,Yuki Tsunoda,red_bull,Red Bull
2025,17,Azerbaijan Grand Prix,2025-09-21,norris,Lando Norris,mclaren,McLaren
2025,17,Azerbaijan Grand Prix,2025-09-21,hamilton,Lewis Hamilton,ferrari,Ferrari
2025,17,Azerbaijan Grand Prix,2025-09-21,leclerc,Charles Leclerc,ferrari,Ferrari
2025,17,Azerbaijan Grand Prix,2025-09-21,hadjar,Isack Hadjar,rb,RB F1 Team
2025,17,Azerbaijan Grand Prix,2025-09-21,bortoleto,Gabriel Bortoleto,sauber,Sauber
2025,17,Azerbaijan Grand Prix,2025-09-21,bearman,Oliver Bearman,haas,Haas F1 Team
2025,17,Azerbaijan Grand Prix,2025-09-21,albon,Alexander Albon,williams,Williams
2025,17,Azerbaijan Grand Prix,2025-09-21,ocon,Esteban Ocon,haas,Haas F1 Team
2025,17,Azerbaijan Grand Prix,2025-09-21,alonso,Fernando Alonso,aston_martin,Aston Martin
2025,17,Azerbaijan Grand Prix,2025-09-21,hulkenberg,Nico Hülkenberg,sauber,Sauber
2025,17,Azerbaijan Grand Prix,2025-09-21,stroll,Lance Stroll,aston_martin,Aston Martin
2025,17,Azerbaijan Grand Prix,2025-09-21,gasly,Pierre Gasly,alpine,Alpine F1 Team
2025,17,Azerbaijan Grand Prix,2025-09-21,colapinto,Franco Colapinto,alpine,Alpine F1 Team
2025,17,Azerbaijan Grand Prix,2025-09-21,piastri,Oscar Piastri,mclaren,McLaren
2025,18,Singapore Grand Prix,2025-10-05,russell,George Russell,mercedes,Mercedes
2025,18,Singapore Grand Prix,2025-10-05,max_verstappen,Max Verstappen,red_bull,Red Bull
2025,18,Singapore Grand Prix,2025-10-05,norris,Lando Norris,mclaren,McLaren
2025,18,Singapore Grand Prix,2025-10-05,piastri,Oscar Piastri,mclaren,McLaren
2025,18,Singapore Grand Prix,2025-10-05,antonelli,Andrea Kimi Antonelli,mercedes,Mercedes
2025,18,Singapore Grand Prix,2025-10-05,leclerc,Charles Leclerc,ferrari,Ferrari
2025,18,Singapore Grand Prix,2025-10-05,alonso,Fernando Alonso,aston_martin,Aston Martin
2025,18,Singapore Grand Prix,2025-10-05,hamilton,Lewis Hamilton,ferrari,Ferrari
2025,18,Singapore Grand Prix,2025-10-05,bearman,Oliver Bearman,haas,Haas F1 Team
2025,18,Singapore Grand Prix,2025-10-05,sainz,Carlos Sainz,williams,Williams
2025,18,Singapore Grand Prix,2025-10-05,hadjar,Isack Hadjar,rb,RB F1 Team
2025,18,Singapore Grand Prix,2025-10-05,tsunoda,Yuki Tsunoda,red_bull,Red Bull
2025,18,Singapore Grand Prix,2025-10-05,stroll,Lance Stroll,aston_martin,Aston Martin
2025,18,Singapore Grand Prix,2025-10-05,albon,Alexander Albon,williams,Williams
2025,18,Singapore Grand Prix,2025-10-05,lawson,Liam Lawson,rb,RB F1 Team
2025,18,Singapore Grand Prix,2025-10-05,colapinto,Franco Colapinto,alpine,Alpine F1 Team
2025,18,Singapore Grand Prix,2025-10-05,bortoleto,Gabriel Bortoleto,sauber,Sauber
2025,18,Singapore Grand Prix,2025-10-05,ocon,Esteban Ocon,haas,Haas F1 Team
2025,18,Singapore Grand Prix,2025-10-05,gasly,Pierre Gasly,alpine,Alpine F1 Team
2025,18,Singapore Grand Prix,2025-10-05,hulkenberg,Nico Hülkenberg,sauber,Sauber
2025,19,United States Grand Prix,2025-10-19,max_verstappen,Max Verstappen,red_bull,Red Bull
2025,19,United States Grand Prix,2025-10-19,norris,Lando Norris,mclaren,McLaren
2025,19,United States Grand Prix,2025-10-19,leclerc,Charles Leclerc,ferrari,Ferrari
2025,19,United States Grand Prix,2025-10-19,hamilton,Lewis Hamilton,ferrari,Ferrari
2025,19,United States Grand Prix,2025-10-19,piastri,Oscar Piastri,mclaren,McLaren
2025,19,United States Grand Prix,2025-10-19,russell,George Russell,mercedes,Mercedes
2025,19,United States Grand Prix,2025-10-19,tsunoda,Yuki Tsunoda,red_bull,Red Bull
2025,19,United States Grand Prix,2025-10-19,hulkenberg,Nico Hülkenberg,sauber,Sauber
2025,19,United States Grand Prix,2025-10-19,bearman,Oliver Bearman,haas,Haas F1 Team
2025,19,United States Grand Prix,2025-10-19,alonso,Fernando Alonso,aston_martin,Aston Martin
2025,19,United States Grand Prix,2025-10-19,lawson,Liam Lawson,rb,RB F1 Team
2025,19,United States Grand Prix,2025-10-19,stroll,Lance Stroll,aston_martin,Aston Martin
2025,19,United States Grand Prix,2025-10-19,antonelli,Andrea Kimi Antonelli,mercedes,Mercedes
2025,19,United States Grand Prix,2025-10-19,albon,Alexander Albon,williams,Williams
2025,19,United States Grand Prix,2025-10-19,ocon,Esteban Ocon,haas,Haas F1 Team
2025,19,United States Grand Prix,2025-10-19,hadjar,Isack Hadjar,rb,RB F1 Team
2025,19,United States Grand Prix,2025-10-19,colapinto,Franco Colapinto,alpine,Alpine F1 Team
2025,19,United States Grand Prix,2025-10-19,bortoleto,Gabriel Bortoleto,sauber,Sauber
2025,19,United States Grand Prix,2025-10-19,gasly,Pierre Gasly,alpine,Alpine F1 Team
2025,19,United States Grand Prix,2025-10-19,sainz,Carlos Sainz,williams,Williams
2025,20,Mexico City Grand Prix,2025-10-26,norris,Lando Norris,mclaren,McLaren
2025,20,Mexico City Grand Prix,2025-10-26,leclerc,Charles Leclerc,ferrari,Ferrari
2025,20,Mexico City Grand Prix,2025-10-26,max_verstappen,Max Verstappen,red_bull,Red Bull
2025,20,Mexico City Grand Prix,2025-10-26,bearman,Oliver Bearman,haas,Haas F1 Team
2025,20,Mexico City Grand Prix,2025-10-26,piastri,Oscar Piastri,mclaren,McLaren
2025,20,Mexico City Grand Prix,2025-10-26,antonelli,Andrea Kimi Antonelli,mercedes,Mercedes
2025,20,Mexico City Grand Prix,2025-10-26,russell,George Russell,mercedes,Mercedes
2025,20,Mexico City Grand Prix,2025-10-26,hamilton,Lewis Hamilton,ferrari,Ferrari
2025,20,Mexico City Grand Prix,2025-10-26,ocon,Esteban Ocon,haas,Haas F1 Team
2025,20,Mexico City Grand Prix,2025-10-26,bortoleto,Gabriel Bortoleto,sauber,Sauber
2025,20,Mexico City Grand Prix,2025-10-26,tsunoda,Yuki Tsunoda,red_bull,Red Bull
2025,20,Mexico City Grand Prix,2025-10-26,albon,Alexander Albon,williams,Williams
2025,20,Mexico City Grand Prix,2025-10-26,hadjar,Isack Hadjar,rb,RB F1 Team
2025,20,Mexico City Grand Prix,2025-10-26,stroll,Lance Stroll,aston_martin,Aston Martin
2025,20,Mexico City Grand Prix,2025-10-26,gasly,Pierre Gasly,alpine,Alpine F1 Team
2025,20,Mexico City Grand Prix,2025-10-26,colapinto,Franco Colapinto,alpine,Alpine F1 Team
2025,20,Mexico City Grand Prix,2025-10-26,sainz,Carlos Sainz,williams,Williams
2025,20,Mexico City Grand Prix,2025-10-26,alonso,Fernando Alonso,aston_martin,Aston Martin
2025,20,Mexico City Grand Prix,2025-10-26,hulkenberg,Nico Hülkenberg,sauber,Sauber
2025,20,Mexico City Grand Prix,2025-10-26,lawson,Liam Lawson,rb,RB F1 Team
2025,21,São Paulo Grand Prix,2025-11-09,norris,Lando Norris,mclaren,McLaren
2025,21,São Paulo Grand Prix,2025-11-09,antonelli,Andrea Kimi Antonelli,mercedes,Mercedes
2025,21,São Paulo Grand Prix,2025-11-09,max_verstappen,Max Verstappen,red_bull,Red Bull
2025,21,São Paulo Grand Prix,2025-11-09,russell,George Russell,mercedes,Mercedes
2025,21,São Paulo Grand Prix,2025-11-09,piastri,Oscar Piastri,mclaren,McLaren
2025,21,São Paulo Grand Prix,2025-11-09,bearman,Oliver Bearman,haas,Haas F1 Team
2025,21,São Paulo Grand Prix,2025-11-09,lawson,Liam Lawson,rb,RB F1 Team
2025,21,São Paulo Grand Prix,2025-11-09,hadjar,Isack Hadjar,rb,RB F1 Team
2025,21,São Paulo Grand Prix,2025-11-09,hulkenberg,Nico Hülkenberg,sauber,Sauber
2025,21,São Paulo Grand Prix,2025-11-09,gasly,Pierre Gasly,alpine,Alpine F1 Team
2025,21,São Paulo Grand Prix,2025-11-09,albon,Alexander Albon,williams,Williams
2025,21,São Paulo Grand Prix,2025-11-09,ocon,Esteban Ocon,haas,Haas F1 Team
2025,21,São Paulo Grand Prix,2025-11-09,sainz,Carlos Sainz,williams,Williams
2025,21,São Paulo Grand Prix,2025-11-09,alonso,Fernando Alonso,aston_martin,Aston Martin
2025,21,São Paulo Grand Prix,2025-11-09,colapinto,Franco Colapinto,alpine,Alpine F1 Team
2025,21,São Paulo Grand Prix,2025-11-09,stroll,Lance Stroll,aston_martin,Aston Martin
2025,21,São Paulo Grand Prix,2025-11-09,tsunoda,Yuki Tsunoda,red_bull,Red Bull
2025,21,São Paulo Grand Prix,2025-11-09,hamilton,Lewis Hamilton,ferrari,Ferrari
2025,21,São Paulo Grand Prix,2025-11-09,leclerc,Charles Leclerc,ferrari,Ferrari
2025,21,São Paulo Grand Prix,2025-11-09,bortoleto,Gabriel Bortoleto,sauber,Sauber
2025,22,Las Vegas Grand Prix,2025-11-23,max_verstappen,Max Verstappen,red_bull,Red Bull
2025,22,Las Vegas Grand Prix,2025-11-23,russell,George Russell,mercedes,Mercedes
2025,22,Las Vegas Grand Prix,2025-11-23,antonelli,Andrea Kimi Antonelli,mercedes,Mercedes
2025,22,Las Vegas Grand Prix,2025-11-23,leclerc,Charles Leclerc,ferrari,Ferrari
2025,22,Las Vegas Grand Prix,2025-11-23,sainz,Carlos Sainz,williams,Williams
2025,22,Las Vegas Grand Prix,2025-11-23,hadjar,Isack Hadjar,rb,RB F1 Team
2025,22,Las Vegas Grand Prix,2025-11-23,hulkenberg,Nico Hülkenberg,sauber,Sauber
2025,22,Las Vegas Grand Prix,2025-11-23,hamilton,Lewis Hamilton,ferrari,Ferrari
2025,22,Las Vegas Grand Prix,2025-11-23,ocon,Esteban Ocon,haas,Haas F1 Team
2025,22,Las Vegas Grand Prix,2025-11-23,bearman,Oliver Bearman,haas,Haas F1 Team
2025,22,Las Vegas Grand Prix,2025-11-23,alonso,Fernando Alonso,aston_martin,Aston Martin
2025,22,Las Vegas Grand Prix,2025-11-23,tsunoda,Yuki Tsunoda,red_bull,Red Bull
2025,22,Las Vegas Grand Prix,2025-11-23,gasly,Pierre Gasly,alpine,Alpine F1 Team
2025,22,Las Vegas Grand Prix,2025-11-23,lawson,Liam Lawson,rb,RB F1 Team
2025,22,Las Vegas Grand Prix,2025-11-23,colapinto,Franco Colapinto,alpine,Alpine F1 Team
2025,22,Las Vegas Grand Prix,2025-11-23,albon,Alexander Albon,williams,Williams
2025,22,Las Vegas Grand Prix,2025-11-23,bortoleto,Gabriel Bortoleto,sauber,Sauber
2025,22,Las Vegas Grand Prix,2025-11-23,stroll,Lance Stroll,aston_martin,Aston Martin
2025,22,Las Vegas Grand Prix,2025-11-23,norris,Lando Norris,mclaren,McLaren
2025,22,Las Vegas Grand Prix,2025-11-23,piastri,Oscar Piastri,mclaren,McLaren
2025,23,Qatar Grand Prix,2025-11-30,max_verstappen,Max Verstappen,red_bull,Red Bull
2025,23,Qatar Grand Prix,2025-11-30,piastri,Oscar Piastri,mclaren,McLaren
2025,23,Qatar Grand Prix,2025-11-30,sainz,Carlos Sainz,williams,Williams
2025,23,Qatar Grand Prix,2025-11-30,norris,Lando Norris,mclaren,McLaren
2025,23,Qatar Grand Prix,2025-11-30,antonelli,Andrea Kimi Antonelli,mercedes,Mercedes
2025,23,Qatar Grand Prix,2025-11-30,russell,George Russell,mercedes,Mercedes
2025,23,Qatar Grand Prix,2025-11-30,alonso,Fernando Alonso,aston_martin,Aston Martin
2025,23,Qatar Grand Prix,2025-11-30,leclerc,Charles Leclerc,ferrari,Ferrari
2025,23,Qatar Grand Prix,2025-11-30,lawson,Liam Lawson,rb,RB F1 Team
2025,23,Qatar Grand Prix,2025-11-30,tsunoda,Yuki Tsunoda,red_bull,Red Bull
2025,23,Qatar Grand Prix,2025-11-30,albon,Alexander Albon,williams,Williams
2025,23,Qatar Grand Prix,2025-11-30,hamilton,Lewis Hamilton,ferrari,Ferrari
2025,23,Qatar Grand Prix,2025-11-30,bortoleto,Gabriel Bortoleto,sauber,Sauber
2025,23,Qatar Grand Prix,2025-11-30,colapinto,Franco Colapinto,alpine,Alpine F1 Team
2025,23,Qatar Grand Prix,2025-11-30,ocon,Esteban Ocon,haas,Haas F1 Team
2025,23,Qatar Grand Prix,2025-11-30,gasly,Pierre Gasly,alpine,Alpine F1 Team
2025,23,Qatar Grand Prix,2025-11-30,stroll,Lance Stroll,aston_martin,Aston Martin
2025,23,Qatar Grand Prix,2025-11-30,hadjar,Isack Hadjar,rb,RB F1 Team
2025,23,Qatar Grand Prix,2025-11-30,bearman,Oliver Bearman,haas,Haas F1 Team
2025,23,Qatar Grand Prix,2025-11-30,hulkenberg,Nico Hülkenberg,sauber,Sauber
2025,24,Abu Dhabi Grand Prix,2025-12-07,max_verstappen,Max Verstappen,red_bull,Red Bull
2025,24,Abu Dhabi Grand Prix,2025-12-07,piastri,Oscar Piastri,mclaren,McLaren
2025,24,Abu Dhabi Grand Prix,2025-12-07,norris,Lando Norris,mclaren,McLaren
2025,24,Abu Dhabi Grand Prix,2025-12-07,leclerc,Charles Leclerc,ferrari,Ferrari
2025,24,Abu Dhabi Grand Prix,2025-12-07,russell,George Russell,mercedes,Mercedes
2025,24,Abu Dhabi Grand Prix,2025-12-07,alonso,Fernando Alonso,aston_martin,Aston Martin
2025,24,Abu Dhabi Grand Prix,2025-12-07,ocon,Esteban Ocon,haas,Haas F1 Team
2025,24,Abu Dhabi Grand Prix,2025-12-07,hamilton,Lewis Hamilton,ferrari,Ferrari
2025,24,Abu Dhabi Grand Prix,2025-12-07,hulkenberg,Nico Hülkenberg,sauber,Sauber
2025,24,Abu Dhabi Grand Prix,2025-12-07,stroll,Lance Stroll,aston_martin,Aston Martin
2025,24,Abu Dhabi Grand Prix,2025-12-07,bortoleto,Gabriel Bortoleto,sauber,Sauber
2025,24,Abu Dhabi Grand Prix,2025-12-07,bearman,Oliver Bearman,haas,Haas F1 Team
2025,24,Abu Dhabi Grand Prix,2025-12-07,sainz,Carlos Sainz,williams,Williams
2025,24,Abu Dhabi Grand Prix,2025-12-07,tsunoda,Yuki Tsunoda,red_bull,Red Bull
2025,24,Abu Dhabi Grand Prix,2025-12-07,antonelli,Andrea Kimi Antonelli,mercedes,Mercedes
2025,24,Abu Dhabi Grand Prix,2025-12-07,albon,Alexander Albon,williams,Williams
2025,24,Abu Dhabi Grand Prix,2025-12-07,hadjar,Isack Hadjar,rb,RB F1 Team
2025,24,Abu Dhabi Grand Prix,2025-12-07,lawson,Liam Lawson,rb,RB F1 Team
2025,24,Abu Dhabi Grand Prix,2025-12-07,gasly,Pierre Gasly,alpine,Alpine F1 Team
2025,24,Abu Dhabi Grand Prix,2025-12-07,colapinto,Franco Colapinto,alpine,Alpine F1 Team
